service,encrypted,version_known,version_lag,score,risk
ssh,1,1,7,4.91,medium
pop3,0,1,1,5.61,medium
https,1,0,0,4.31,medium
ssh,1,1,0,4.08,medium
microsoft-ds,1,1,14,8.14,high
other,0,1,2,5.29,medium
ssh,1,1,9,4.03,medium
ssh,1,1,0,3.16,low
netbios-ssn,0,1,15,8.98,high
pop3,0,1,21,6.93,medium
mysql,0,1,0,7.65,high
https-alt,1,1,0,3.83,low
ipp,0,1,0,4.61,medium
https,1,1,5,5.01,medium
pop3,0,1,7,5.59,medium
x11,0,1,7,8.54,high
http,0,0,0,5.67,medium
tftp,0,1,0,7.36,high
https,1,1,0,3.49,low
ipp,0,1,2,5.23,medium
ssh,1,0,0,3.73,low
mysql,0,0,0,7.75,high
other,1,1,5,4.23,medium
https,1,1,0,3.84,low
ssh,1,1,5,4.55,medium
redis,0,1,7,9.16,high
smtp,0,1,3,5.4,medium
ftp,0,1,3,8.51,high
ms-wbt-server,1,1,2,7.77,high
rtsp,0,1,0,4.66,medium
ssh,1,1,0,4.74,medium
other,1,1,1,5.14,medium
msrpc,1,1,0,5.21,medium
mysql,0,0,0,6.57,medium
smtp,1,1,1,3.87,low
redis,0,1,5,9.37,high
netbios-ssn,0,0,0,8.08,high
smtp,0,1,0,5.47,medium
x11,0,1,0,8.16,high
rtsp,0,1,0,4.49,medium
pop3,1,0,0,5.53,medium
https,1,1,0,3.77,low
ssh,1,1,1,4.41,medium
ms-sql-s,0,1,2,7.12,high
https,1,1,0,3.79,low
https,1,1,11,4.78,medium
postgresql,0,0,0,6.68,medium
rpcbind,0,1,1,6.84,medium
rtsp,0,1,0,5.27,medium
ms-wbt-server,1,1,0,7.4,high
mongodb,1,1,6,8.02,high
telnet,0,1,1,9.83,high
ssh,1,1,5,3.27,low
sip,0,1,0,5.28,medium
ssh,1,1,0,3.06,low
ssh,1,1,5,4.34,medium
smtp,0,0,0,5.89,medium
http,0,1,5,5.99,medium
ms-wbt-server,1,1,6,8.75,high
microsoft-ds,1,1,4,7.72,high
rtsp,0,1,0,4.41,medium
smtp,1,0,0,3.85,low
http,0,1,0,5.01,medium
ssh,1,1,1,3.84,low
ipp,0,1,11,5.57,medium
http,0,1,7,7.12,high
http,0,0,0,5.84,medium
ms-sql-s,0,1,21,8.64,high
ftp,0,0,0,7.35,high
pop3,1,1,5,4.46,medium
mongodb,0,0,0,8.77,high
ldap,0,1,7,7.26,high
https,1,1,5,4.37,medium
x11,0,1,0,7.59,high
ftp,0,1,11,8.41,high
rpcbind,0,1,2,7.03,high
rpcbind,0,1,5,7.25,high
sip,0,1,3,4.89,medium
http,0,1,1,4.44,medium
ssh,1,1,2,3.5,low
sip,0,1,0,5.65,medium
ldap,0,1,4,6.2,medium
https,1,1,2,4.18,medium
vnc,1,0,0,8.22,high
ftp,0,1,18,10.0,high
microsoft-ds,0,1,0,9.26,high
ssh,1,1,0,3.28,low
smtp,0,1,2,5.74,medium
vnc,0,1,0,9.07,high
imap,1,1,0,4.08,medium
ms-wbt-server,1,1,7,8.53,high
ssh,1,1,5,3.06,low
pop3,0,1,2,5.94,medium
postgresql,1,1,0,5.38,medium
ms-sql-s,0,0,0,6.77,medium
ipp,0,1,4,4.44,medium
mysql,0,0,0,7.41,high
microsoft-ds,0,1,0,8.69,high
netbios-ssn,0,1,1,6.47,medium
other,0,1,4,5.42,medium
https,1,1,0,3.57,low
ssh,1,1,1,3.3,low
snmp,0,1,0,7.36,high
other,1,1,21,6.06,medium
ssh,1,1,0,2.73,low
ssh,1,1,0,3.1,low
pop3,0,1,6,5.97,medium
snmp,0,0,0,8.2,high
microsoft-ds,0,1,0,8.24,high
https,1,1,0,3.52,low
smtp,0,1,21,7.08,high
mongodb,0,1,7,8.15,high
ms-sql-s,0,1,0,7.07,high
http,0,1,0,5.83,medium
redis,0,1,0,8.69,high
https,1,0,0,4.6,medium
ssh,1,0,0,3.83,low
ssh,1,1,9,4.45,medium
pop3,0,0,0,6.99,medium
http-alt,0,1,2,5.34,medium
http,0,1,1,4.61,medium
sip,0,1,0,5.73,medium
microsoft-ds,0,1,21,10.0,high
http-proxy,0,1,5,6.25,medium
ftp,0,1,0,8.21,high
imap,0,1,2,5.48,medium
msrpc,0,0,0,6.43,medium
ms-wbt-server,1,1,9,9.14,high
microsoft-ds,0,1,0,9.54,high
http,0,1,0,5.18,medium
vnc,0,1,2,9.42,high
https-alt,1,1,4,4.4,medium
http,0,1,0,4.7,medium
mysql,0,1,0,6.72,medium
http,0,1,0,4.6,medium
ftp,1,0,0,7.18,high
https-alt,1,1,6,4.63,medium
smtp,0,1,4,4.94,medium
ssh,1,1,3,3.74,low
microsoft-ds,0,1,1,9.34,high
smtp,0,1,5,5.09,medium
imap,0,1,0,5.2,medium
https-alt,1,1,3,4.28,medium
http,0,1,0,4.45,medium
smtp,0,1,1,5.39,medium
snmp,0,1,0,6.87,medium
msrpc,0,1,0,7.36,high
domain,0,1,1,5.79,medium
pop3,1,1,0,4.2,medium
ftp,0,0,0,8.09,high
https,1,1,5,4.24,medium
https,1,1,15,5.3,medium
ms-wbt-server,1,1,0,8.47,high
http,0,1,6,5.69,medium
microsoft-ds,0,1,2,10.0,high
rtsp,0,1,1,4.28,medium
rpcbind,0,1,0,7.32,high
sip,0,1,7,5.77,medium
ssh,1,1,0,3.15,low
ssh,1,1,0,3.19,low
microsoft-ds,0,0,0,9.47,high
https,1,1,0,4.31,medium
x11,0,1,0,7.17,high
ftp,0,1,0,7.37,high
http,0,1,0,4.52,medium
mysql,0,1,0,6.36,medium
https,1,1,19,5.63,medium
https,1,1,4,4.41,medium
msrpc,0,1,4,7.4,high
https-alt,1,1,2,3.82,low
rpcbind,0,1,6,7.67,high
domain,0,0,0,6.08,medium
snmp,0,1,2,8.01,high
https-alt,1,1,5,4.27,medium
vnc,0,0,0,9.13,high
ftp,0,1,15,9.36,high
pop3,0,0,0,5.34,medium
other,0,0,0,5.15,medium
https,1,0,0,3.59,low
ssh,1,1,0,3.11,low
https,1,1,4,4.03,medium
https,1,1,3,4.04,medium
domain,0,1,1,5.63,medium
msrpc,0,1,0,7.47,high
ssh,1,1,4,4.22,medium
sip,0,1,2,6.62,medium
postgresql,0,1,1,6.87,medium
microsoft-ds,0,1,5,8.65,high
ssh,1,1,5,4.45,medium
snmp,0,1,21,9.51,high
https-alt,1,1,0,3.6,low
nfs,0,1,5,8.38,high
netbios-ssn,0,1,2,8.16,high
https,1,1,0,3.48,low
ms-wbt-server,1,1,0,8.35,high
redis,0,1,2,7.76,high
http,0,1,2,6.41,medium
https,1,1,12,4.65,medium
mongodb,0,1,0,8.36,high
ms-sql-s,0,0,0,7.81,high
ssh,1,1,0,3.48,low
other,1,1,10,5.49,medium
imap,0,1,4,5.6,medium
ms-wbt-server,1,1,0,7.68,high
telnet,0,1,0,9.77,high
x11,0,1,6,8.72,high
netbios-ssn,0,1,3,8.23,high
rtsp,0,1,4,6.47,medium
netbios-ssn,0,1,6,8.39,high
imap,1,0,0,4.42,medium
ssh,1,1,4,3.94,low
http,0,1,1,4.99,medium
mongodb,0,1,0,7.83,high
https,1,1,11,4.6,medium
ssh,1,0,0,4.36,medium
ssh,1,1,9,4.61,medium
netbios-ssn,0,1,3,7.29,high
netbios-ssn,0,1,21,9.4,high
https-alt,1,1,0,3.85,low
ldap,0,1,1,5.72,medium
ms-sql-s,1,1,0,5.87,medium
smtp,0,1,3,4.77,medium
sip,0,1,0,5.9,medium
https-alt,1,1,4,3.34,low
rpcbind,0,1,6,7.08,high
https-alt,1,1,0,4.91,medium
ftp,0,1,1,7.44,high
http,0,1,16,6.74,medium
ipp,0,1,3,5.2,medium
microsoft-ds,0,1,5,9.88,high
ms-wbt-server,1,0,0,8.5,high
http-proxy,0,1,0,5.53,medium
other,0,1,1,5.2,medium
http,0,1,17,6.01,medium
https-alt,1,1,0,4.89,medium
https,1,1,7,3.4,low
smtp,0,1,4,6.05,medium
ssh,1,1,0,3.38,low
telnet,0,0,0,9.78,high
microsoft-ds,1,1,1,8.95,high
https,1,1,6,4.67,medium
ssh,1,1,6,3.42,low
x11,0,1,6,8.7,high
domain,0,1,0,5.15,medium
http,0,1,2,5.38,medium
https,1,1,6,4.44,medium
http,0,1,0,5.14,medium
http-proxy,0,1,6,6.23,medium
postgresql,0,1,0,5.94,medium
http-proxy,0,1,0,5.5,medium
sip,0,1,5,5.06,medium
https,1,0,0,4.52,medium
smtp,0,1,0,4.77,medium
nfs,0,1,0,7.58,high
nfs,0,1,3,7.85,high
ssh,1,1,0,3.02,low
https,1,1,1,3.83,low
microsoft-ds,0,1,10,10.0,high
tftp,0,1,2,8.06,high
http,0,1,0,5.83,medium
ms-wbt-server,1,1,6,7.99,high
https,1,1,1,3.72,low
ms-sql-s,0,1,0,6.59,medium
ms-wbt-server,0,1,0,8.55,high
https,1,0,0,4.24,medium
vnc,0,1,4,8.04,high
rpcbind,0,1,3,6.92,medium
ms-wbt-server,1,1,0,8.08,high
microsoft-ds,0,1,2,9.29,high
ftp,0,1,6,6.89,medium
ftp,0,1,0,7.78,high
vnc,1,1,10,8.2,high
ftp,0,1,5,7.68,high
http,0,0,0,5.98,medium
rtsp,0,1,1,4.99,medium
ldap,0,1,6,6.56,medium
msrpc,0,1,0,7.1,high
imap,1,1,4,4.29,medium
https,1,1,0,2.78,low
https,1,1,13,4.8,medium
ftp,0,1,3,7.52,high
redis,0,1,1,7.93,high
nfs,0,1,0,7.39,high
nfs,0,1,0,7.45,high
http,0,1,0,5.34,medium
http-proxy,0,1,0,4.96,medium
ftp,0,1,9,8.01,high
postgresql,0,1,5,6.49,medium
domain,0,1,0,4.94,medium
microsoft-ds,0,1,2,8.7,high
https,1,1,19,4.58,medium
ftp,0,1,8,9.36,high
https-alt,1,1,5,4.76,medium
microsoft-ds,0,1,6,9.53,high
https,1,1,0,4.3,medium
https,1,0,0,4.01,medium
other,0,1,0,4.4,medium
ssh,1,1,3,3.47,low
ssh,1,1,0,3.02,low
ipp,0,1,1,4.71,medium
ssh,1,1,1,3.04,low
netbios-ssn,0,1,0,7.61,high
domain,0,1,0,4.99,medium
domain,0,1,12,5.58,medium
https,1,1,2,4.66,medium
smtp,0,1,0,4.77,medium
postgresql,0,1,4,6.57,medium
ipp,1,1,9,4.6,medium
snmp,0,1,0,7.88,high
ms-wbt-server,1,1,6,7.13,high
smtp,0,1,6,5.24,medium
http-proxy,0,1,4,5.11,medium
x11,0,1,0,7.73,high
mysql,0,1,0,6.41,medium
mysql,1,1,9,6.41,medium
msrpc,0,1,1,5.91,medium
postgresql,1,1,0,5.19,medium
rtsp,0,1,1,4.83,medium
ms-sql-s,0,1,3,6.55,medium
https-alt,1,1,3,4.24,medium
https,1,1,6,5.06,medium
smtp,1,1,1,3.86,low
msrpc,0,0,0,6.48,medium
domain,0,1,5,5.98,medium
https,1,0,0,4.4,medium
sip,0,1,3,4.57,medium
https,1,1,4,3.88,low
domain,0,1,4,5.4,medium
ipp,0,1,0,4.41,medium
rpcbind,0,1,4,6.83,medium
ssh,1,1,0,2.74,low
mongodb,0,1,11,9.26,high
ssh,1,1,5,3.86,low
https,1,0,0,5.0,medium
netbios-ssn,0,1,7,7.62,high
http-alt,0,1,6,5.27,medium
microsoft-ds,1,1,3,8.26,high
ssh,1,1,14,4.05,medium
microsoft-ds,1,1,5,8.42,high
https-alt,1,1,16,5.98,medium
ms-wbt-server,1,1,0,7.45,high
https-alt,1,1,0,3.0,low
ssh,1,1,2,3.96,low
http,0,1,1,5.19,medium
ssh,1,1,6,3.02,low
ssh,1,1,3,4.01,medium
https-alt,1,1,6,4.18,medium
nfs,0,1,0,8.73,high
http,0,1,0,5.41,medium
microsoft-ds,0,1,5,9.99,high
http-alt,0,0,0,5.64,medium
vnc,0,1,12,10.0,high
http,0,1,0,5.43,medium
http,0,0,0,5.99,medium
smtp,0,1,0,5.11,medium
domain,0,1,7,6.21,medium
ssh,1,0,0,3.55,low
ssh,1,1,16,4.86,medium
imap,0,1,0,4.26,medium
http,0,1,4,6.5,medium
https-alt,1,1,6,4.17,medium
netbios-ssn,0,1,4,8.38,high
microsoft-ds,0,1,0,8.13,high
microsoft-ds,0,1,1,9.14,high
sip,0,1,7,5.35,medium
http-proxy,0,1,3,5.05,medium
ssh,1,1,2,3.15,low
rtsp,0,1,3,4.82,medium
mysql,0,1,6,7.72,high
https,1,1,1,3.46,low
ssh,1,1,1,4.0,low
snmp,0,0,0,7.85,high
mysql,1,1,7,6.45,medium
msrpc,1,1,1,6.32,medium
vnc,0,1,0,7.83,high
ms-wbt-server,1,1,0,7.98,high
https-alt,1,1,0,4.08,medium
pop3,0,1,9,6.25,medium
postgresql,0,0,0,7.25,high
ssh,1,1,1,4.37,medium
http,0,1,5,6.18,medium
https-alt,1,0,0,4.37,medium
ssh,1,1,6,4.07,medium
smtp,0,1,9,6.55,medium
postgresql,1,1,8,5.59,medium
other,0,0,0,6.33,medium
ssh,1,0,0,5.37,medium
https-alt,1,1,1,4.72,medium
netbios-ssn,0,1,2,7.18,high
https,1,0,0,3.75,low
ipp,1,1,3,3.28,low
netbios-ssn,0,1,0,7.19,high
http,0,1,21,7.37,high
rtsp,0,1,0,4.53,medium
telnet,0,1,0,9.87,high
smtp,1,1,2,3.73,low
https,1,1,0,3.35,low
ms-sql-s,0,0,0,8.15,high
smtp,0,0,0,5.11,medium
pop3,0,1,0,5.78,medium
ms-sql-s,1,1,0,6.19,medium
https,1,1,7,4.45,medium
ssh,1,1,7,3.56,low
microsoft-ds,0,1,9,10.0,high
other,0,1,1,5.64,medium
https,1,1,8,4.63,medium
rpcbind,0,1,4,7.0,medium
https,1,1,0,4.25,medium
microsoft-ds,1,1,0,8.43,high
other,0,1,1,4.65,medium
sip,0,1,9,5.74,medium
sip,0,1,0,4.92,medium
microsoft-ds,0,1,0,8.81,high
https,1,1,0,4.11,medium
ftp,0,1,5,7.96,high
nfs,0,1,0,6.88,medium
ms-wbt-server,1,1,8,8.85,high
ssh,1,1,6,4.53,medium
mongodb,0,1,5,8.65,high
https,1,1,8,5.03,medium
sip,0,1,8,6.13,medium
ftp,0,1,4,7.86,high
telnet,0,1,5,10.0,high
ftp,0,1,9,9.39,high
http,0,1,5,5.75,medium
ssh,1,1,0,3.92,low
nfs,0,1,3,8.07,high
https,1,1,4,5.09,medium
ftp,0,1,0,7.53,high
ssh,1,1,0,3.59,low
https-alt,1,1,0,3.99,low
ssh,1,1,19,5.11,medium
ssh,1,1,0,3.38,low
https,1,1,0,2.73,low
ftp,0,1,4,6.89,medium
mongodb,0,1,2,7.7,high
netbios-ssn,0,1,3,8.25,high
imap,1,1,0,3.84,low
ssh,1,0,0,3.12,low
ipp,0,1,21,6.34,medium
https,1,1,1,4.05,medium
ms-wbt-server,1,1,8,9.68,high
ssh,1,0,0,4.09,medium
redis,0,1,1,9.07,high
snmp,0,1,20,9.64,high
ssh,1,1,8,4.41,medium
other,0,1,11,5.37,medium
http-alt,0,1,15,7.11,high
ftp,0,1,0,6.46,medium
http-alt,0,1,0,6.35,medium
ftp,0,1,1,7.55,high
https,1,1,3,4.6,medium
ssh,1,1,0,3.64,low
vnc,0,1,3,8.14,high
microsoft-ds,0,1,0,9.16,high
redis,0,1,17,10.0,high
other,0,1,10,5.16,medium
smtp,1,1,8,4.67,medium
ssh,1,1,0,4.19,medium
ipp,0,1,1,4.19,medium
http,0,0,0,6.36,medium
ms-wbt-server,1,1,5,7.85,high
https-alt,1,1,13,4.68,medium
ms-sql-s,0,1,0,6.83,medium
http,0,1,1,4.03,medium
ssh,1,1,0,3.78,low
sip,0,1,1,4.24,medium
https-alt,1,1,2,4.04,medium
ms-wbt-server,1,1,0,7.77,high
imap,0,1,0,5.54,medium
ldap,0,1,9,6.77,medium
smtp,0,1,1,4.3,medium
netbios-ssn,0,0,0,7.59,high
netbios-ssn,0,1,7,9.04,high
rpcbind,0,1,11,7.5,high
ms-sql-s,0,1,0,6.8,medium
http-proxy,0,0,0,4.69,medium
http-alt,0,1,0,4.36,medium
ipp,0,1,1,5.11,medium
http-proxy,0,1,1,5.19,medium
ldap,0,1,5,6.95,medium
x11,0,1,0,7.71,high
http,0,1,1,5.39,medium
msrpc,0,1,1,6.58,medium
ftp,1,0,0,6.89,medium
http-proxy,0,0,0,4.94,medium
smtp,0,1,10,5.98,medium
x11,0,1,14,9.11,high
http,0,1,12,6.18,medium
http,0,1,0,5.95,medium
ssh,1,1,8,4.45,medium
sip,0,1,1,4.97,medium
sip,0,1,1,4.66,medium
msrpc,0,1,1,6.69,medium
ssh,1,1,0,3.8,low
http,0,1,0,5.7,medium
pop3,1,1,5,4.65,medium
http-alt,0,1,6,5.86,medium
mysql,1,1,0,6.19,medium
domain,0,1,0,5.31,medium
ssh,1,1,2,3.91,low
https,1,1,21,4.37,medium
https,1,1,0,3.76,low
imap,0,0,0,5.5,medium
domain,0,0,0,5.76,medium
ssh,1,1,0,3.06,low
msrpc,0,0,0,7.19,high
https,1,1,1,3.89,low
imap,0,1,0,4.45,medium
microsoft-ds,0,0,0,9.86,high
tftp,0,1,0,8.53,high
https,1,1,4,3.77,low
ftp,0,1,0,9.0,high
rpcbind,0,1,4,7.78,high
mysql,0,1,1,6.76,medium
vnc,0,1,11,9.01,high
msrpc,1,1,5,6.03,medium
ssh,1,1,0,2.77,low
telnet,0,1,3,10.0,high
https,1,1,8,4.11,medium
https,1,1,1,2.81,low
mysql,0,1,6,7.12,high
ms-wbt-server,1,1,0,8.23,high
http,0,1,4,5.58,medium
netbios-ssn,0,1,0,7.41,high
mysql,0,1,0,6.91,medium
https-alt,1,1,0,3.58,low
other,0,1,0,4.95,medium
ssh,1,1,0,3.89,low
ms-sql-s,0,1,7,7.82,high
ssh,1,1,10,4.01,medium
ssh,1,0,0,3.0,low
postgresql,0,1,1,5.79,medium
ipp,1,1,3,3.56,low
telnet,0,1,2,9.5,high
mongodb,0,1,0,7.53,high
domain,0,1,1,4.95,medium
vnc,0,1,10,9.13,high
vnc,1,0,0,8.2,high
https,1,1,0,4.3,medium
other,0,1,0,4.84,medium
http,0,1,0,4.78,medium
https,1,1,10,5.08,medium
other,0,0,0,5.63,medium
ms-wbt-server,1,1,4,8.21,high
pop3,0,1,17,7.48,high
ldap,1,1,2,5.75,medium
microsoft-ds,1,1,0,8.16,high
ssh,1,1,4,2.89,low
pop3,0,1,0,6.22,medium
smtp,0,1,14,6.4,medium
ms-wbt-server,1,1,0,7.59,high
redis,0,1,6,8.94,high
https,1,1,18,5.5,medium
ftp,0,1,2,7.39,high
x11,0,1,0,7.34,high
rpcbind,0,1,2,6.87,medium
imap,0,1,14,6.27,medium
http,0,1,7,5.19,medium
imap,0,1,0,5.22,medium
microsoft-ds,1,0,0,9.09,high
nfs,0,1,3,7.14,high
https,1,1,0,2.91,low
ipp,1,0,0,4.25,medium
sip,0,1,3,5.98,medium
rtsp,0,1,4,4.79,medium
ssh,1,1,0,3.48,low
ftp,0,1,0,7.55,high
mysql,0,1,2,6.16,medium
domain,0,1,3,5.56,medium
mysql,1,1,8,6.66,medium
https,1,0,0,3.85,low
smtp,0,1,0,5.08,medium
ssh,1,1,0,2.99,low
https,1,1,12,5.21,medium
imap,0,1,3,5.23,medium
https,1,1,2,4.09,medium
http,0,0,0,5.56,medium
https,1,1,3,3.56,low
mysql,0,1,0,6.84,medium
imap,0,1,3,5.7,medium
domain,0,1,3,5.47,medium
microsoft-ds,0,1,0,9.39,high
ldap,0,1,4,6.02,medium
https,1,1,21,5.84,medium
ipp,0,1,1,4.81,medium
redis,0,1,0,9.15,high
mysql,0,1,2,6.74,medium
redis,0,1,6,9.42,high
ftp,0,1,11,8.83,high
https-alt,1,1,3,4.31,medium
pop3,0,0,0,6.18,medium
ms-sql-s,0,1,0,7.28,high
http,0,1,0,5.6,medium
telnet,0,1,11,10.0,high
rpcbind,0,1,1,7.38,high
ssh,1,1,0,3.62,low
ipp,1,1,0,4.31,medium
other,1,0,0,3.84,low
http-alt,0,1,1,5.34,medium
smtp,0,1,0,4.22,medium
ssh,1,1,0,3.7,low
https,1,1,4,4.35,medium
ssh,1,1,2,3.42,low
other,1,0,0,4.0,medium
ssh,1,1,17,5.43,medium
https,1,0,0,3.84,low
microsoft-ds,0,1,0,9.67,high
ssh,1,0,0,3.96,low
pop3,0,1,0,5.61,medium
http,0,1,4,6.43,medium
sip,0,1,11,6.12,medium
other,1,1,1,3.26,low
other,1,1,0,1.81,low
rpcbind,0,1,0,7.76,high
ssh,1,1,0,2.33,low
ssh,1,1,5,3.79,low
mysql,0,1,0,7.06,high
netbios-ssn,0,0,0,7.58,high
ftp,0,0,0,8.2,high
ssh,1,1,0,3.23,low
smtp,1,1,0,4.0,medium
other,0,0,0,5.62,medium
smtp,0,1,0,4.95,medium
other,0,1,0,5.26,medium
ldap,0,1,0,5.85,medium
ssh,1,1,0,3.69,low
microsoft-ds,0,1,8,9.61,high
http,0,1,0,6.07,medium
ssh,1,1,0,4.41,medium
https-alt,1,1,0,4.03,medium
https,1,1,1,2.88,low
ftp,0,1,5,7.5,high
postgresql,1,1,17,6.3,medium
ftp,0,1,0,8.79,high
microsoft-ds,0,1,1,9.62,high
rtsp,0,1,3,6.89,medium
ssh,1,1,0,3.23,low
ssh,1,1,0,3.52,low
https,1,1,4,4.33,medium
ssh,1,1,0,3.88,low
ssh,1,1,1,4.03,medium
ftp,0,1,2,7.89,high
x11,0,1,0,7.06,high
http-alt,0,1,2,3.8,low
https,1,1,11,4.63,medium
telnet,0,1,5,10.0,high
domain,0,1,11,7.67,high
rtsp,0,1,2,4.9,medium
ftp,0,0,0,7.41,high
ldap,0,1,0,6.27,medium
https,1,1,0,4.26,medium
rtsp,0,1,0,4.5,medium
nfs,0,1,9,8.01,high
https,1,1,0,4.05,medium
mysql,0,1,0,6.02,medium
https,1,1,0,4.65,medium
ms-sql-s,0,1,1,6.89,medium
http,0,1,1,5.21,medium
ldap,0,1,5,6.75,medium
rpcbind,0,1,0,6.73,medium
https,1,1,1,3.71,low
redis,0,0,0,8.61,high
microsoft-ds,0,1,3,9.29,high
mysql,0,1,6,7.82,high
ssh,1,1,0,4.04,medium
https,1,1,0,3.56,low
other,0,1,7,6.3,medium
ms-sql-s,0,1,5,7.74,high
ldap,1,1,0,5.66,medium
netbios-ssn,0,0,0,8.09,high
http,0,1,0,4.66,medium
other,1,1,0,4.64,medium
ssh,1,0,0,3.82,low
http,0,0,0,6.19,medium
ldap,0,1,3,6.18,medium
https,1,1,1,4.39,medium
imap,0,0,0,5.79,medium
netbios-ssn,0,1,1,7.44,high
mysql,0,1,7,8.06,high
tftp,0,1,7,8.88,high
mongodb,0,1,5,8.76,high
telnet,0,0,0,10.0,high
smtp,0,1,3,6.66,medium
ipp,0,1,2,5.15,medium
mysql,1,1,4,5.78,medium
http-proxy,0,1,8,6.68,medium
https-alt,1,1,3,4.33,medium
ssh,1,1,1,3.16,low
domain,0,1,0,5.65,medium
rpcbind,0,1,10,8.06,high
https,1,1,0,4.32,medium
x11,0,0,0,8.8,high
msrpc,1,1,0,5.6,medium
https,1,1,0,3.92,low
domain,0,1,10,6.3,medium
ssh,1,1,0,2.8,low
http,0,1,1,5.75,medium
sip,0,1,0,4.76,medium
ms-sql-s,1,1,7,6.82,medium
nfs,0,1,1,8.41,high
msrpc,0,1,0,6.97,medium
ms-wbt-server,1,0,0,6.81,medium
https,1,1,2,4.11,medium
rpcbind,0,1,1,6.67,medium
http,0,1,5,5.72,medium
ssh,1,1,2,4.01,medium
ssh,1,1,7,4.63,medium
pop3,0,1,3,5.99,medium
smtp,1,1,0,4.27,medium
other,1,1,0,3.97,low
rtsp,0,1,0,4.97,medium
https,1,1,2,3.53,low
https,1,1,0,3.65,low
ssh,1,1,2,3.17,low
redis,0,1,21,10.0,high
http,0,1,5,5.98,medium
microsoft-ds,0,1,5,8.96,high
sip,0,1,4,4.1,medium
https-alt,1,1,5,3.79,low
domain,0,1,3,4.91,medium
pop3,0,1,0,5.16,medium
ftp,0,1,8,8.53,high
https-alt,1,0,0,3.78,low
microsoft-ds,0,1,0,8.65,high
ftp,0,1,0,7.59,high
nfs,0,1,1,7.46,high
tftp,0,1,0,7.72,high
smtp,0,1,0,4.76,medium
domain,0,1,2,5.37,medium
ms-sql-s,1,1,13,7.94,high
ftp,0,1,2,6.96,medium
microsoft-ds,0,1,0,7.96,high
postgresql,0,1,0,6.18,medium
tftp,0,1,0,7.27,high
ssh,1,1,0,4.14,medium
mongodb,0,1,10,8.41,high
ms-sql-s,0,1,4,7.22,high
ldap,0,0,0,6.64,medium
http-proxy,0,1,6,6.37,medium
telnet,0,1,11,10.0,high
microsoft-ds,0,1,0,9.86,high
https,1,1,5,4.22,medium
telnet,0,1,9,9.73,high
imap,1,1,0,4.11,medium
smtp,0,1,4,5.83,medium
msrpc,0,1,0,6.89,medium
http-proxy,0,1,6,5.73,medium
ssh,1,1,2,3.6,low
https,1,0,0,4.91,medium
snmp,0,1,3,7.74,high
msrpc,1,0,0,7.0,medium
nfs,0,1,21,9.27,high
smtp,0,1,0,4.84,medium
rtsp,0,1,0,4.85,medium
x11,0,0,0,7.67,high
msrpc,1,1,2,7.1,high
https-alt,1,1,9,4.08,medium
ftp,0,1,3,8.41,high
smtp,0,0,0,5.07,medium
ssh,1,1,17,5.56,medium
ms-wbt-server,0,1,6,8.82,high
ftp,0,1,9,8.64,high
ms-wbt-server,1,1,3,8.31,high
https,1,1,8,3.49,low
telnet,0,1,17,10.0,high
redis,0,1,7,10.0,high
ftp,0,1,11,9.22,high
microsoft-ds,0,1,2,9.94,high
http-alt,0,1,0,4.36,medium
nfs,0,1,0,7.22,high
http,0,1,4,6.2,medium
http,0,1,0,4.42,medium
https,1,1,0,3.98,low
telnet,0,1,0,10.0,high
https,1,1,0,3.43,low
http-alt,0,1,0,5.17,medium
vnc,0,1,13,9.74,high
ssh,1,1,17,5.28,medium
https,1,1,6,4.49,medium
nfs,0,1,0,7.38,high
https,1,0,0,3.8,low
smtp,0,1,0,4.88,medium
http,0,1,4,6.74,medium
other,0,1,6,5.97,medium
mysql,1,1,1,5.62,medium
https,1,1,0,3.2,low
msrpc,1,1,1,5.87,medium
ssh,1,1,0,2.61,low
http,0,1,7,5.55,medium
x11,0,1,11,9.34,high
http-proxy,0,1,6,5.4,medium
msrpc,1,0,0,7.46,high
tftp,0,1,5,8.36,high
ftp,0,1,17,9.11,high
mysql,0,1,0,5.94,medium
telnet,0,1,2,9.5,high
vnc,0,1,0,9.18,high
ssh,1,1,1,3.92,low
ssh,1,1,9,4.88,medium
ssh,1,0,0,3.18,low
msrpc,0,1,5,7.4,high
https,1,1,8,5.05,medium
http,0,1,1,6.02,medium
netbios-ssn,0,1,12,8.7,high
ms-wbt-server,1,0,0,8.7,high
ssh,1,1,1,3.27,low
vnc,1,0,0,7.81,high
imap,0,1,0,4.86,medium
other,1,0,0,3.88,low
telnet,0,1,9,10.0,high
telnet,0,1,0,8.93,high
other,0,1,1,4.98,medium
http,0,1,0,6.16,medium
netbios-ssn,0,1,4,7.52,high
https,1,1,3,3.98,low
https,1,1,2,4.13,medium
domain,0,1,0,6.7,medium
http-alt,0,1,10,6.35,medium
snmp,0,0,0,7.67,high
ftp,0,1,0,6.54,medium
http,0,1,16,7.01,high
ms-sql-s,0,1,1,7.2,high
sip,0,1,4,4.23,medium
https,1,1,12,4.17,medium
telnet,0,1,1,9.74,high
http,0,1,16,6.68,medium
x11,0,1,0,6.08,medium
https,1,1,12,4.84,medium
nfs,0,1,6,7.87,high
http-alt,0,1,9,5.97,medium
http,0,1,5,5.61,medium
ldap,0,1,8,6.23,medium
rtsp,0,1,2,4.4,medium
ssh,1,1,0,3.58,low
http,0,1,0,5.72,medium
ssh,1,1,0,3.69,low
other,0,1,5,5.24,medium
http-proxy,0,1,0,6.13,medium
domain,0,1,10,6.66,medium
telnet,0,1,4,9.89,high
ssh,1,1,4,4.74,medium
domain,0,1,2,5.2,medium
ldap,0,1,6,6.8,medium
microsoft-ds,0,1,4,9.13,high
https,1,1,18,4.83,medium
ldap,0,0,0,6.34,medium
rtsp,0,0,0,5.85,medium
ms-wbt-server,1,1,5,8.0,high
other,0,1,0,4.52,medium
redis,0,0,0,8.76,high
mongodb,0,1,2,8.0,high
https,1,0,0,3.29,low
https,1,1,0,3.65,low
mongodb,0,1,2,8.14,high
smtp,0,0,0,5.76,medium
ssh,1,1,14,4.83,medium
https,1,1,0,3.99,low
postgresql,1,1,2,4.34,medium
domain,0,1,1,5.28,medium
ssh,1,1,18,4.76,medium
ssh,1,1,0,3.97,low
ssh,1,1,7,3.69,low
http,0,1,8,6.85,medium
microsoft-ds,1,1,12,8.7,high
https,1,1,21,5.78,medium
https,1,1,7,4.63,medium
ssh,1,0,0,3.89,low
microsoft-ds,0,0,0,9.96,high
mongodb,0,1,3,8.64,high
ssh,1,1,0,3.0,low
ftp,0,1,0,8.24,high
other,0,0,0,5.76,medium
postgresql,0,1,7,6.52,medium
ssh,1,1,2,3.67,low
https,1,1,0,4.57,medium
ldap,0,1,0,5.85,medium
msrpc,0,0,0,7.18,high
http-alt,0,1,0,4.6,medium
http,0,1,7,5.42,medium
ldap,0,1,0,5.38,medium
http,0,1,0,4.72,medium
https-alt,1,1,4,3.78,low
smtp,0,1,4,5.58,medium
mongodb,0,1,8,8.63,high
postgresql,0,1,13,7.83,high
ldap,1,1,7,6.25,medium
netbios-ssn,0,0,0,7.8,high
vnc,0,1,0,7.96,high
rtsp,0,1,1,5.17,medium
mysql,0,1,0,7.67,high
https-alt,1,1,0,2.71,low
nfs,0,0,0,7.31,high
microsoft-ds,0,0,0,9.96,high
ssh,1,1,6,3.84,low
https,1,1,0,3.3,low
rpcbind,0,1,1,6.95,medium
mongodb,0,0,0,9.14,high
redis,0,1,5,8.99,high
domain,0,0,0,5.81,medium
smtp,1,1,4,4.39,medium
snmp,0,1,0,7.36,high
ftp,0,1,3,7.08,high
smtp,0,1,3,5.23,medium
https-alt,1,1,6,4.3,medium
sip,0,0,0,5.38,medium
imap,0,1,1,5.04,medium
microsoft-ds,1,1,0,7.47,high
nfs,0,1,0,7.45,high
ms-sql-s,1,1,21,7.58,high
ssh,1,0,0,4.68,medium
https,1,1,0,4.08,medium
https,1,1,0,4.86,medium
other,0,1,2,4.39,medium
other,0,1,0,4.83,medium
https-alt,1,1,1,4.32,medium
tftp,0,1,3,7.42,high
ms-wbt-server,1,1,3,8.19,high
ms-sql-s,0,1,20,8.9,high
http,0,1,11,6.58,medium
microsoft-ds,1,0,0,9.48,high
https,1,0,0,4.58,medium
http-alt,0,0,0,6.28,medium
domain,0,1,4,6.01,medium
vnc,0,1,6,8.99,high
nfs,0,1,0,8.22,high
vnc,0,1,9,10.0,high
https,1,1,0,2.77,low
http,0,1,0,4.51,medium
ssh,1,1,9,3.86,low
ms-sql-s,0,1,0,6.67,medium
mysql,0,1,1,6.62,medium
ldap,0,1,0,5.48,medium
ssh,1,1,0,3.05,low
ssh,1,1,8,3.5,low
mongodb,1,1,12,7.9,high
https-alt,1,1,15,5.94,medium
netbios-ssn,0,0,0,8.05,high
https,1,1,0,4.08,medium
microsoft-ds,1,0,0,9.15,high
snmp,0,1,4,8.74,high
https,1,1,0,3.09,low
redis,0,1,0,7.85,high
http-proxy,0,1,3,5.59,medium
pop3,1,1,1,5.1,medium
nfs,0,0,0,8.26,high
ssh,1,1,13,4.51,medium
https,1,1,4,4.41,medium
https,1,1,0,4.17,medium
mysql,0,0,0,7.21,high
domain,0,1,21,7.99,high
nfs,0,1,3,7.97,high
nfs,0,1,0,7.94,high
vnc,0,1,1,9.02,high
https-alt,1,0,0,3.36,low
https,1,0,0,4.37,medium
ssh,1,1,0,3.41,low
domain,0,1,0,5.58,medium
imap,1,1,10,5.17,medium
domain,0,1,1,5.98,medium
domain,0,1,12,5.93,medium
pop3,0,1,0,5.58,medium
netbios-ssn,0,1,0,7.76,high
netbios-ssn,0,1,4,7.91,high
https-alt,1,1,2,5.15,medium
smtp,0,1,0,5.21,medium
https-alt,1,1,1,3.69,low
vnc,0,1,7,9.42,high
http,0,1,17,7.9,high
mongodb,0,1,0,8.07,high
nfs,0,1,0,7.29,high
ftp,0,0,0,8.39,high
netbios-ssn,0,1,6,8.03,high
https,1,1,20,6.39,medium
msrpc,0,1,0,7.04,high
http-alt,0,1,15,6.9,medium
smtp,0,1,7,5.41,medium
ldap,0,0,0,7.01,high
domain,0,1,0,5.01,medium
redis,0,1,0,8.92,high
other,0,1,21,6.69,medium
https,1,1,1,3.65,low
ssh,1,1,3,3.06,low
smtp,0,0,0,5.46,medium
ms-wbt-server,1,0,0,8.36,high
https,1,1,8,4.11,medium
mysql,1,0,0,6.27,medium
ftp,0,1,0,8.03,high
mysql,1,1,0,6.09,medium
ssh,1,0,0,4.92,medium
http-alt,0,1,2,4.33,medium
ssh,1,1,0,3.71,low
ssh,1,0,0,3.52,low
mongodb,0,1,1,7.95,high
https-alt,1,1,15,5.24,medium
pop3,0,1,1,5.81,medium
ipp,0,1,9,6.33,medium
telnet,0,1,0,9.07,high
other,0,1,0,6.08,medium
rpcbind,0,1,2,6.98,medium
tftp,0,1,2,7.5,high
smtp,0,1,0,5.89,medium
netbios-ssn,0,1,2,7.84,high
ms-wbt-server,1,0,0,8.32,high
ipp,0,1,0,4.2,medium
ldap,0,1,5,6.66,medium
https-alt,1,0,0,4.27,medium
msrpc,1,0,0,6.07,medium
ssh,1,1,0,3.26,low
smtp,0,1,7,5.56,medium
sip,0,0,0,6.23,medium
http,0,1,0,5.64,medium
smtp,1,1,0,4.03,medium
https-alt,1,1,1,4.47,medium
mysql,0,1,3,6.19,medium
redis,0,1,2,7.77,high
rtsp,0,1,6,6.29,medium
https,1,1,3,3.48,low
ftp,0,1,0,7.84,high
pop3,0,1,1,5.58,medium
https,1,1,1,4.12,medium
ssh,1,1,8,4.2,medium
other,0,1,18,6.67,medium
domain,0,1,0,5.08,medium
sip,0,1,0,5.1,medium
ms-sql-s,0,1,0,6.95,medium
https-alt,1,1,2,2.68,low
mysql,1,1,1,5.69,medium
ssh,1,1,2,3.56,low
ldap,0,1,0,6.12,medium
http,0,1,4,4.82,medium
ssh,1,1,5,3.37,low
imap,0,1,2,5.3,medium
https,1,1,2,4.42,medium
http-proxy,0,1,0,5.88,medium
sip,0,1,3,4.93,medium
mysql,1,0,0,5.79,medium
ldap,1,1,14,6.51,medium
pop3,0,1,8,5.75,medium
netbios-ssn,0,1,10,9.23,high
microsoft-ds,0,1,1,9.02,high
rtsp,0,1,0,4.2,medium
sip,0,1,15,6.89,medium
sip,0,1,12,6.81,medium
ftp,0,0,0,8.09,high
msrpc,0,1,4,7.46,high
mongodb,0,1,0,8.23,high
ssh,1,1,21,5.5,medium
https,1,0,0,3.66,low
nfs,0,0,0,8.11,high
rtsp,0,1,0,3.91,low
netbios-ssn,0,1,5,7.64,high
rpcbind,0,1,4,7.89,high
ms-wbt-server,1,1,12,8.93,high
rpcbind,0,1,3,5.98,medium
rtsp,0,1,0,4.74,medium
https,1,1,7,5.26,medium
mongodb,0,1,6,8.81,high
domain,0,0,0,5.96,medium
ssh,1,1,0,3.3,low
https-alt,1,1,5,4.35,medium
http-alt,0,1,2,5.84,medium
snmp,0,1,0,7.58,high
http-alt,0,1,14,6.91,medium
msrpc,0,0,0,7.32,high
other,0,1,16,7.23,high
ldap,1,1,2,5.43,medium
rtsp,0,1,0,4.99,medium
ftp,0,1,0,7.97,high
ldap,1,1,8,6.16,medium
https,1,1,0,3.22,low
http-alt,0,1,13,5.95,medium
pop3,0,0,0,5.8,medium
https-alt,1,1,13,5.0,medium
https,1,1,0,3.12,low
msrpc,0,0,0,7.46,high
domain,0,1,0,4.53,medium
smtp,0,1,0,4.87,medium
ipp,0,0,0,4.87,medium
mysql,1,1,0,5.5,medium
nfs,0,1,3,8.31,high
https,1,1,4,4.08,medium
https-alt,1,1,0,3.82,low
https,1,1,0,3.29,low
other,1,1,0,4.69,medium
ssh,1,1,0,2.74,low
ssh,1,1,3,3.25,low
ssh,1,1,6,4.55,medium
smtp,0,1,6,5.53,medium
smtp,0,1,14,7.02,high
nfs,0,1,21,10.0,high
ipp,0,1,3,4.43,medium
rpcbind,0,1,1,6.73,medium
snmp,0,1,0,7.63,high
http,0,1,4,6.07,medium
ldap,1,1,2,4.95,medium
x11,0,1,0,6.29,medium
https,1,1,0,4.58,medium
https,1,0,0,3.75,low
vnc,0,1,0,8.15,high
telnet,0,1,0,10.0,high
mysql,0,1,0,6.59,medium
ssh,1,0,0,3.84,low
https,1,0,0,4.94,medium
ms-wbt-server,0,1,0,8.74,high
ssh,1,1,0,3.01,low
microsoft-ds,1,1,5,8.2,high
postgresql,0,1,21,7.99,high
other,0,1,6,5.26,medium
redis,0,1,10,9.49,high
ms-wbt-server,0,1,6,9.13,high
http-proxy,0,0,0,5.52,medium
http-alt,0,1,4,5.98,medium
https-alt,1,1,3,3.73,low
other,1,1,4,5.68,medium
tftp,0,1,2,7.61,high
ms-wbt-server,1,0,0,7.74,high
ssh,1,0,0,4.3,medium
snmp,0,0,0,7.77,high
https,1,1,19,5.0,medium
sip,0,0,0,5.81,medium
microsoft-ds,0,1,0,9.28,high
https,1,1,7,4.83,medium
vnc,0,0,0,9.06,high
http-proxy,1,1,0,4.01,medium
http,0,1,6,5.38,medium
imap,0,1,5,5.58,medium
rtsp,0,1,0,5.34,medium
sip,0,0,0,5.28,medium
other,0,1,12,6.8,medium
other,0,1,10,5.89,medium
domain,0,0,0,5.7,medium
microsoft-ds,0,1,0,9.29,high
ssh,1,1,7,4.82,medium
other,0,0,0,5.31,medium
msrpc,0,1,0,6.88,medium
smtp,0,0,0,4.98,medium
http-proxy,0,1,0,5.48,medium
ftp,0,1,7,8.73,high
rtsp,0,1,4,5.76,medium
mysql,0,1,1,6.31,medium
ssh,1,1,5,3.26,low
https,1,1,10,4.7,medium
https,1,0,0,3.9,low
http-proxy,0,1,1,5.49,medium
msrpc,0,1,0,7.54,high
ssh,1,1,0,3.79,low
ssh,1,1,0,3.8,low
imap,1,1,0,3.45,low
https,1,1,2,4.46,medium
ms-wbt-server,1,1,7,8.51,high
https,1,1,13,4.18,medium
microsoft-ds,0,1,0,8.63,high
ms-wbt-server,1,0,0,8.6,high
domain,0,1,11,6.5,medium
tftp,0,1,1,8.24,high
ftp,0,1,2,7.5,high
telnet,0,1,7,10.0,high
pop3,0,0,0,7.03,high
ssh,1,1,4,4.21,medium
ftp,0,1,8,8.17,high
sip,0,1,12,5.89,medium
https,1,1,2,3.9,low
vnc,0,1,8,9.27,high
ms-wbt-server,1,1,5,9.63,high
https,1,1,0,4.72,medium
https,1,0,0,4.32,medium
domain,0,1,6,5.67,medium
https,1,0,0,4.25,medium
microsoft-ds,0,1,2,8.35,high
ldap,0,0,0,6.08,medium
ssh,1,1,0,4.28,medium
snmp,0,0,0,7.27,high
ssh,1,1,6,4.57,medium
imap,0,1,8,5.95,medium
ssh,1,1,4,3.83,low
smtp,0,0,0,6.32,medium
mysql,0,1,0,5.47,medium
x11,0,0,0,6.55,medium
mongodb,0,0,0,9.0,high
ssh,1,1,1,3.44,low
netbios-ssn,0,1,0,8.26,high
microsoft-ds,1,1,6,8.12,high
vnc,0,1,0,8.18,high
vnc,0,0,0,9.32,high
https,1,1,3,4.1,medium
ldap,0,1,5,6.81,medium
other,0,0,0,5.01,medium
netbios-ssn,0,1,3,8.32,high
sip,0,1,0,5.61,medium
pop3,0,1,0,5.85,medium
ldap,1,1,9,5.63,medium
https,1,1,0,3.62,low
other,0,1,0,4.14,medium
https,1,1,21,5.74,medium
redis,0,1,3,8.57,high
x11,0,0,0,7.32,high
sip,0,1,1,4.7,medium
rpcbind,0,1,0,7.66,high
ssh,1,1,6,3.45,low
http,0,1,0,4.78,medium
http,0,1,0,5.58,medium
https,1,1,13,4.94,medium
ssh,1,1,1,3.8,low
ftp,0,1,7,7.69,high
ftp,0,1,0,7.75,high
http,0,0,0,6.59,medium
smtp,0,1,0,5.54,medium
snmp,0,1,11,8.26,high
http-proxy,0,1,0,5.74,medium
ssh,1,1,10,5.42,medium
https,1,1,2,3.84,low
http,0,1,4,5.8,medium
postgresql,0,1,0,5.72,medium
snmp,0,1,0,6.85,medium
domain,0,1,10,6.55,medium
msrpc,0,1,7,7.74,high
http,0,1,18,7.4,high
rtsp,0,1,0,4.45,medium
tftp,0,1,8,7.99,high
telnet,0,1,20,10.0,high
mongodb,0,1,1,8.05,high
https,1,1,0,3.55,low
ipp,0,0,0,5.21,medium
vnc,0,1,1,9.34,high
https,1,1,0,3.13,low
smtp,1,1,0,3.92,low
smtp,1,0,0,4.4,medium
https-alt,1,1,0,3.8,low
tftp,0,1,0,7.48,high
mongodb,0,1,1,7.51,high
http,0,1,4,7.08,high
redis,0,1,5,8.84,high
rtsp,0,1,19,6.71,medium
mongodb,0,1,0,7.5,high
microsoft-ds,1,0,0,8.73,high
mongodb,0,1,1,8.4,high
http-proxy,0,1,8,6.08,medium
vnc,0,1,4,8.2,high
netbios-ssn,0,0,0,8.31,high
https,1,1,0,3.76,low
msrpc,0,0,0,7.2,high
mysql,0,1,0,7.51,high
ftp,0,1,14,9.24,high
mysql,0,1,18,8.42,high
snmp,0,0,0,7.41,high
http-alt,0,1,0,5.94,medium
mongodb,0,1,2,8.95,high
https,1,1,0,3.41,low
https-alt,1,1,0,3.84,low
microsoft-ds,0,1,0,8.83,high
microsoft-ds,0,1,21,10.0,high
microsoft-ds,1,0,0,9.54,high
http-alt,0,1,0,5.74,medium
netbios-ssn,0,1,0,7.22,high
https,1,1,0,3.93,low
ssh,1,1,0,3.42,low
https,1,1,1,4.76,medium
domain,0,1,2,5.39,medium
other,0,1,0,5.22,medium
ftp,1,1,0,6.39,medium
ldap,0,1,2,6.45,medium
msrpc,0,1,2,7.0,high
https-alt,1,1,0,3.75,low
http,0,1,0,5.69,medium
https,1,1,0,4.03,medium
vnc,0,1,0,9.01,high
other,1,1,0,4.12,medium
imap,0,1,1,5.16,medium
imap,1,1,5,4.15,medium
other,1,1,0,4.37,medium
postgresql,1,1,7,6.37,medium
ldap,0,1,11,7.8,high
http,0,1,2,5.25,medium
netbios-ssn,0,1,1,7.97,high
msrpc,0,1,0,6.73,medium
redis,0,1,0,8.86,high
microsoft-ds,0,0,0,8.92,high
https,1,1,0,3.44,low
http,0,1,19,7.3,high
mysql,0,1,4,6.95,medium
ldap,1,1,3,5.24,medium
pop3,1,1,1,5.63,medium
ipp,1,1,3,4.29,medium
https-alt,1,1,2,4.0,medium
https-alt,1,1,0,3.72,low
postgresql,0,1,1,5.51,medium
msrpc,1,1,3,5.35,medium
smtp,0,1,2,5.2,medium
http,0,1,4,6.94,medium
smtp,0,1,4,5.54,medium
sip,0,1,0,5.16,medium
http,0,1,2,5.07,medium
msrpc,0,1,0,6.61,medium
mysql,0,1,2,6.8,medium
postgresql,1,1,7,5.18,medium
microsoft-ds,1,1,2,8.7,high
vnc,0,1,3,8.35,high
ssh,1,1,0,3.14,low
postgresql,0,1,0,5.49,medium
mongodb,0,1,0,8.02,high
http,0,1,0,5.45,medium
ssh,1,1,0,4.11,medium
snmp,0,1,4,7.52,high
https,1,1,2,3.81,low
https-alt,1,1,0,3.56,low
http,0,1,0,5.27,medium
rtsp,0,0,0,6.4,medium
ftp,0,0,0,7.52,high
https-alt,1,1,0,3.51,low
ldap,0,1,0,4.24,medium
https-alt,1,0,0,4.72,medium
http,0,1,0,4.75,medium
telnet,0,1,11,10.0,high
ftp,0,1,14,8.57,high
rtsp,0,1,5,5.13,medium
http,0,1,0,4.38,medium
ftp,0,1,7,7.97,high
ssh,1,0,0,4.73,medium
https,1,1,5,3.64,low
imap,0,1,2,5.35,medium
smtp,0,1,5,5.45,medium
telnet,0,1,15,10.0,high
ssh,1,1,0,4.06,medium
msrpc,0,1,2,7.04,high
https,1,1,17,6.1,medium
postgresql,0,1,1,5.82,medium
http,0,1,5,5.72,medium
snmp,0,1,0,8.08,high
vnc,0,1,4,8.29,high
ssh,1,1,6,3.99,low
imap,0,1,0,4.33,medium
domain,0,1,3,6.22,medium
other,0,1,0,5.03,medium
other,0,1,1,5.58,medium
https,1,0,0,3.87,low
redis,1,1,0,7.49,high
http,0,1,0,4.87,medium
https,1,1,1,4.02,medium
postgresql,0,1,0,5.61,medium
microsoft-ds,0,1,0,8.99,high
https,1,1,9,4.25,medium
smtp,0,1,3,5.13,medium
http,0,0,0,5.82,medium
other,0,1,1,5.32,medium
http,0,1,0,5.08,medium
http-proxy,0,1,0,4.66,medium
mysql,0,1,0,6.65,medium
http-proxy,0,0,0,6.22,medium
netbios-ssn,0,1,16,9.92,high
ssh,1,0,0,3.83,low
https,1,1,1,3.88,low
rpcbind,0,1,12,8.03,high
ms-sql-s,0,1,0,6.82,medium
https,1,1,0,3.57,low
ftp,0,1,5,8.88,high
domain,0,1,0,5.21,medium
smtp,1,1,0,3.86,low
ssh,1,1,10,4.85,medium
vnc,0,1,2,8.12,high
rtsp,0,1,1,4.89,medium
postgresql,0,1,9,6.61,medium
http-alt,0,1,0,5.22,medium
ftp,0,1,0,8.12,high
smtp,0,1,0,5.97,medium
domain,0,1,3,5.01,medium
mongodb,0,1,0,7.43,high
ms-wbt-server,1,1,0,8.25,high
redis,1,1,1,6.66,medium
mysql,1,1,2,5.03,medium
microsoft-ds,0,1,0,8.96,high
https-alt,1,1,6,4.22,medium
ldap,0,0,0,6.21,medium
https,1,1,0,4.06,medium
other,0,1,17,6.64,medium
microsoft-ds,0,1,14,10.0,high
sip,0,1,21,6.85,medium
https,1,0,0,3.43,low
ipp,0,0,0,5.53,medium
http-proxy,0,1,6,5.55,medium
http-proxy,0,1,1,5.02,medium
ftp,0,1,2,7.35,high
domain,0,1,0,5.14,medium
other,0,1,5,6.17,medium
https-alt,1,1,11,5.6,medium
ftp,0,1,5,7.79,high
ssh,1,0,0,4.48,medium
ms-sql-s,0,1,6,6.57,medium
https,1,1,0,3.6,low
ftp,0,0,0,7.22,high
https-alt,1,1,0,3.55,low
https,1,1,14,5.06,medium
microsoft-ds,0,1,0,9.03,high
tftp,0,1,2,7.8,high
https,1,1,1,3.47,low
ms-wbt-server,1,1,0,8.17,high
domain,0,1,0,5.3,medium
https,1,1,0,4.42,medium
http,0,1,1,4.83,medium
ldap,0,0,0,6.74,medium
pop3,1,0,0,4.16,medium
tftp,0,1,9,9.14,high
other,0,1,1,4.81,medium
ms-sql-s,0,0,0,8.57,high
redis,0,1,0,8.76,high
rpcbind,0,1,1,7.12,high
other,0,1,1,5.98,medium
microsoft-ds,0,1,3,9.58,high
https,1,1,6,4.21,medium
ssh,1,0,0,4.21,medium
https,1,0,0,4.04,medium
other,0,1,0,4.77,medium
https,1,1,0,4.02,medium
https-alt,1,1,2,3.57,low
netbios-ssn,0,0,0,8.76,high
ssh,1,1,21,5.85,medium
domain,0,1,1,5.14,medium
domain,0,1,2,5.36,medium
https,1,0,0,4.37,medium
other,1,1,3,3.7,low
ssh,1,1,0,3.23,low
smtp,0,1,3,5.28,medium
smtp,0,1,0,5.08,medium
postgresql,1,1,20,7.09,high
mysql,1,1,4,5.75,medium
postgresql,1,1,0,3.4,low
microsoft-ds,0,1,0,8.01,high
tftp,0,1,6,7.82,high
ssh,1,1,2,3.29,low
pop3,0,1,0,5.41,medium
https-alt,1,1,7,4.66,medium
http-alt,0,0,0,5.98,medium
ftp,0,1,7,8.24,high
vnc,0,1,20,10.0,high
mongodb,0,1,0,8.84,high
other,0,0,0,5.13,medium
x11,0,0,0,7.85,high
domain,0,1,4,6.27,medium
https-alt,1,1,11,4.55,medium
other,0,1,0,5.6,medium
nfs,0,1,0,7.27,high
ftp,0,0,0,7.61,high
ms-wbt-server,1,1,0,7.67,high
tftp,0,1,0,6.85,medium
redis,0,1,0,7.8,high
http,0,1,0,4.76,medium
https,1,1,0,3.55,low
domain,0,1,9,6.77,medium
http-alt,0,1,4,6.13,medium
mongodb,0,1,4,9.04,high
ssh,1,1,10,4.6,medium
http-alt,0,1,0,4.69,medium
https,1,1,10,4.76,medium
https-alt,1,1,0,3.7,low
mysql,0,1,2,6.33,medium
microsoft-ds,1,1,0,7.99,high
x11,0,1,19,10.0,high
pop3,0,1,4,5.44,medium
https-alt,1,1,6,3.94,low
postgresql,0,1,4,7.58,high
ssh,1,0,0,3.97,low
domain,0,1,0,5.2,medium
redis,0,0,0,8.84,high
msrpc,0,0,0,7.02,high
sip,1,1,1,4.36,medium
rtsp,0,1,0,4.98,medium
pop3,0,1,0,5.16,medium
x11,0,1,6,8.27,high
ssh,1,1,2,3.64,low
vnc,0,1,5,9.02,high
https-alt,1,1,6,4.34,medium
redis,0,1,12,9.79,high
microsoft-ds,0,1,0,7.8,high
imap,0,1,0,4.74,medium
domain,0,0,0,6.15,medium
imap,0,1,6,5.19,medium
pop3,0,1,0,4.53,medium
other,0,1,1,4.54,medium
smtp,0,1,0,4.76,medium
smtp,1,1,0,3.86,low
http-proxy,0,1,0,5.31,medium
tftp,0,1,0,7.34,high
http,0,1,1,5.12,medium
x11,0,1,0,6.7,medium
ipp,0,1,0,5.14,medium
ftp,0,1,0,7.59,high
other,0,1,0,4.91,medium
smtp,0,1,1,5.37,medium
https,1,1,8,4.63,medium
smtp,1,0,0,4.47,medium
tftp,0,0,0,7.23,high
https,1,1,0,4.98,medium
sip,1,1,1,3.68,low
ssh,1,1,0,2.84,low
http-proxy,0,1,0,6.26,medium
ipp,0,0,0,5.21,medium
https,1,0,0,5.22,medium
ipp,0,1,6,5.63,medium
mysql,0,1,0,6.34,medium
sip,0,1,0,6.01,medium
rtsp,0,1,3,4.86,medium
https-alt,1,1,0,3.11,low
mysql,0,1,5,6.8,medium
http-proxy,0,1,21,7.03,high
https,1,0,0,4.47,medium
imap,0,1,0,4.56,medium
ssh,1,1,5,4.65,medium
smtp,0,1,1,5.92,medium
mongodb,0,1,7,7.98,high
ssh,1,1,5,3.17,low
netbios-ssn,0,1,4,7.56,high
mongodb,0,1,1,8.49,high
http-alt,0,1,17,6.79,medium
ssh,1,1,0,3.69,low
https,1,1,8,4.55,medium
snmp,0,1,15,9.54,high
microsoft-ds,0,1,0,8.39,high
https-alt,1,1,0,3.56,low
ms-wbt-server,1,1,0,7.96,high
mongodb,1,1,5,6.09,medium
rpcbind,0,1,3,7.01,high
domain,0,1,0,5.18,medium
https,1,1,0,3.8,low
ssh,1,1,0,2.99,low
ssh,1,1,5,3.94,low
vnc,1,1,7,7.89,high
mysql,1,1,0,5.99,medium
smtp,0,1,0,4.77,medium
ms-wbt-server,1,1,7,8.29,high
snmp,0,1,6,6.79,medium
ms-sql-s,0,1,1,6.47,medium
netbios-ssn,0,1,1,7.48,high
http,0,1,5,6.28,medium
ssh,1,1,0,3.32,low
tftp,0,1,0,7.88,high
smtp,1,1,0,4.54,medium
ssh,1,1,4,3.55,low
ssh,1,1,12,5.5,medium
https,1,1,2,4.23,medium
pop3,0,1,4,6.38,medium
https,1,1,0,4.48,medium
nfs,0,1,15,9.78,high
mysql,0,1,2,6.01,medium
vnc,0,1,2,8.94,high
smtp,1,1,2,4.8,medium
postgresql,1,1,0,5.08,medium
nfs,0,1,1,7.34,high
ssh,1,1,7,3.92,low
msrpc,0,1,2,6.56,medium
snmp,0,0,0,8.27,high
netbios-ssn,0,1,12,9.07,high
pop3,0,0,0,4.83,medium
ms-sql-s,0,1,0,7.62,high
mysql,0,1,0,6.24,medium
nfs,0,1,0,7.98,high
ssh,1,1,12,4.7,medium
https-alt,1,1,6,4.66,medium
imap,0,1,0,4.95,medium
ipp,0,1,21,6.76,medium
https,1,0,0,4.79,medium
other,0,1,3,5.01,medium
http-alt,0,1,0,5.27,medium
https,1,1,3,3.98,low
https,1,1,21,5.45,medium
ssh,1,1,0,2.88,low
smtp,0,1,0,4.11,medium
microsoft-ds,0,1,5,9.91,high
telnet,0,1,2,9.37,high
smtp,0,1,14,6.42,medium
imap,1,1,0,3.75,low
ldap,0,1,2,5.26,medium
http,0,1,2,5.72,medium
http,0,0,0,6.16,medium
https,1,0,0,5.05,medium
microsoft-ds,0,1,6,10.0,high
x11,0,1,4,7.29,high
ssh,1,1,21,6.17,medium
https,1,1,3,4.12,medium
other,0,1,12,6.14,medium
https,1,1,0,4.64,medium
https,1,1,5,4.49,medium
msrpc,0,1,0,6.11,medium
ldap,1,0,0,5.79,medium
snmp,0,1,10,7.83,high
http,0,0,0,6.25,medium
https-alt,1,1,12,5.01,medium
mysql,0,1,0,5.75,medium
http,0,1,10,6.6,medium
ms-sql-s,1,1,0,5.78,medium
vnc,0,1,10,10.0,high
redis,0,0,0,8.29,high
ftp,0,1,4,7.8,high
https-alt,1,1,16,5.34,medium
ldap,0,1,11,7.37,high
https,1,1,0,3.61,low
rtsp,0,1,0,4.84,medium
redis,0,1,0,8.33,high
vnc,0,1,3,8.88,high
https,1,1,17,5.46,medium
snmp,0,0,0,8.21,high
https,1,1,0,4.04,medium
ms-wbt-server,1,0,0,7.4,high
rtsp,0,1,2,6.23,medium
https,1,1,0,3.94,low
x11,0,1,1,7.23,high
rpcbind,0,1,1,7.4,high
other,1,1,0,4.76,medium
snmp,0,1,3,7.98,high
http-proxy,0,1,1,6.22,medium
pop3,0,1,5,6.12,medium
nfs,0,1,0,6.68,medium
ssh,1,1,3,4.8,medium
ssh,1,1,13,4.62,medium
postgresql,0,1,1,6.42,medium
https,1,1,0,3.79,low
mongodb,0,1,0,7.27,high
telnet,0,1,18,10.0,high
http,0,0,0,5.61,medium
other,0,1,1,5.5,medium
ftp,0,1,17,10.0,high
mongodb,0,1,21,10.0,high
domain,0,1,0,5.56,medium
https,1,1,9,5.14,medium
microsoft-ds,0,1,2,9.14,high
ldap,0,1,4,7.01,high
ssh,1,1,8,4.7,medium
mysql,0,1,0,6.71,medium
redis,0,1,2,9.51,high
redis,0,1,2,8.79,high
ldap,0,1,6,6.46,medium
smtp,1,1,4,3.55,low
https,1,1,1,4.17,medium
ipp,0,0,0,5.09,medium
ssh,1,1,21,5.81,medium
other,0,0,0,6.12,medium
http-proxy,0,1,5,6.26,medium
ldap,0,1,0,7.04,high
https-alt,1,0,0,3.67,low
nfs,0,1,9,9.17,high
ssh,1,0,0,3.82,low
ssh,1,1,0,3.12,low
microsoft-ds,1,0,0,8.4,high
smtp,0,1,5,5.1,medium
mongodb,0,1,3,7.19,high
redis,0,1,0,8.84,high
smtp,0,1,3,5.67,medium
rpcbind,0,1,6,6.34,medium
ssh,1,1,2,2.92,low
https,1,1,2,3.02,low
ssh,1,1,3,3.16,low
snmp,0,1,0,7.89,high
snmp,0,1,0,9.02,high
nfs,0,1,0,7.39,high
netbios-ssn,0,1,0,7.58,high
https-alt,1,1,8,3.96,low
ldap,0,1,10,7.41,high
x11,0,1,0,6.99,medium
https,1,1,6,4.7,medium
ldap,1,1,0,5.34,medium
ftp,0,0,0,8.26,high
vnc,1,1,21,9.82,high
ipp,0,1,1,5.07,medium
ssh,1,1,0,3.55,low
mongodb,0,1,0,8.09,high
https,1,1,0,4.08,medium
https,1,1,1,3.94,low
https,1,1,0,3.34,low
x11,0,1,2,7.45,high
ftp,0,1,1,7.43,high
https,1,1,13,5.54,medium
ms-sql-s,1,1,0,6.21,medium
http-alt,0,1,4,5.87,medium
ssh,1,1,3,3.76,low
netbios-ssn,0,1,2,7.92,high
ssh,1,0,0,4.44,medium
https-alt,1,1,0,3.13,low
ssh,1,1,0,4.38,medium
pop3,1,1,4,4.82,medium
https,1,1,0,3.88,low
domain,0,1,0,4.38,medium
ssh,1,1,0,3.5,low
https,1,1,3,4.01,medium
ssh,1,1,0,4.19,medium
rpcbind,0,1,8,7.39,high
netbios-ssn,0,0,0,8.26,high
nfs,0,1,3,7.77,high
imap,1,0,0,4.52,medium
imap,1,1,0,3.64,low
http,0,0,0,6.3,medium
ldap,0,1,0,7.0,medium
ssh,1,1,0,3.78,low
https,1,1,1,4.07,medium
nfs,0,1,3,7.58,high
ssh,1,1,0,4.19,medium
rtsp,0,0,0,4.04,medium
domain,0,0,0,5.37,medium
redis,0,1,7,9.84,high
ssh,1,1,0,3.78,low
https-alt,1,1,0,3.79,low
ssh,1,0,0,3.43,low
https,1,1,16,4.62,medium
other,0,1,5,5.29,medium
mysql,0,1,0,6.17,medium
ipp,0,1,0,4.08,medium
smtp,0,1,0,5.2,medium
other,0,1,3,5.84,medium
microsoft-ds,0,1,3,9.22,high
http-proxy,0,1,0,5.92,medium
https,1,1,0,3.91,low
rpcbind,0,1,10,8.8,high
ssh,1,1,1,3.36,low
postgresql,0,1,0,5.09,medium
other,0,1,4,4.26,medium
https,1,0,0,3.99,low
ms-sql-s,0,1,21,8.67,high
ssh,1,1,2,3.64,low
mysql,0,1,20,7.81,high
http,0,1,2,5.01,medium
sip,0,1,1,6.08,medium
https,1,1,15,5.24,medium
ftp,0,1,0,7.4,high
x11,0,1,0,7.25,high
ssh,1,0,0,4.03,medium
http,0,1,0,5.16,medium
imap,1,1,7,4.77,medium
ftp,0,1,0,7.57,high
mysql,0,1,4,6.04,medium
https,1,1,0,4.0,low
ftp,1,1,3,6.29,medium
ldap,0,1,0,6.6,medium
https-alt,1,1,12,3.99,low
ftp,0,1,0,7.02,high
ssh,1,1,0,2.64,low
snmp,0,0,0,8.1,high
https,1,1,0,3.34,low
ssh,1,1,0,3.09,low
https,1,1,6,4.76,medium
x11,0,0,0,8.67,high
domain,0,1,0,5.53,medium
ssh,1,1,0,3.65,low
nfs,0,1,4,8.48,high
x11,0,1,16,9.58,high
ftp,0,0,0,7.94,high
https-alt,1,1,0,3.76,low
ssh,1,1,12,4.72,medium
ipp,0,1,19,6.24,medium
ssh,1,1,0,3.75,low
domain,0,1,5,6.16,medium
smtp,0,1,0,5.41,medium
pop3,0,0,0,6.25,medium
ipp,0,1,0,4.53,medium
mongodb,0,1,13,9.97,high
https,1,1,4,3.83,low
https,1,0,0,3.7,low
mysql,0,1,21,8.67,high
http,0,0,0,6.51,medium
ms-wbt-server,1,1,1,8.02,high
other,0,1,0,4.89,medium
https,1,1,21,5.15,medium
https-alt,1,1,1,3.94,low
msrpc,0,1,3,7.02,high
vnc,0,1,5,8.64,high
mongodb,1,1,0,6.91,medium
microsoft-ds,0,0,0,9.84,high
netbios-ssn,0,1,11,7.86,high
tftp,0,1,21,9.66,high
other,0,1,2,5.86,medium
tftp,0,1,0,7.34,high
netbios-ssn,0,1,0,8.14,high
https,1,1,9,4.52,medium
http,0,1,0,4.73,medium
ssh,1,1,0,3.93,low
ipp,0,1,4,4.77,medium
https,1,1,1,4.14,medium
ipp,0,0,0,5.77,medium
domain,0,1,4,6.52,medium
ssh,1,1,7,4.3,medium
pop3,0,0,0,5.27,medium
mysql,0,1,1,6.1,medium
smtp,1,0,0,5.2,medium
vnc,0,0,0,8.58,high
ssh,1,1,3,3.49,low
snmp,0,1,1,7.41,high
ms-wbt-server,1,1,0,8.07,high
nfs,0,1,0,7.62,high
https,1,1,0,3.41,low
msrpc,1,1,0,6.92,medium
rtsp,0,1,21,7.45,high
https,1,1,6,4.78,medium
tftp,0,1,20,10.0,high
ssh,1,0,0,3.73,low
ms-sql-s,0,1,21,8.8,high
x11,0,1,1,7.59,high
ssh,1,1,0,3.88,low
https,1,0,0,3.72,low
ms-sql-s,0,0,0,8.06,high
http,0,0,0,5.46,medium
rpcbind,0,1,21,9.61,high
http,0,1,0,5.56,medium
http-alt,0,1,5,6.38,medium
http-alt,0,1,5,5.89,medium
http-alt,0,1,1,3.84,low
netbios-ssn,0,1,0,7.01,high
ssh,1,1,0,2.9,low
rtsp,0,1,0,5.33,medium
rtsp,0,0,0,4.95,medium
tftp,0,1,0,7.33,high
pop3,0,0,0,5.38,medium
ldap,0,1,11,6.62,medium
microsoft-ds,0,1,1,8.44,high
x11,0,0,0,8.17,high
pop3,0,1,15,7.34,high
ssh,1,1,11,3.93,low
nfs,0,1,6,8.82,high
https,1,1,0,3.5,low
domain,0,1,0,5.68,medium
ssh,1,1,2,3.08,low
smtp,0,1,0,5.56,medium
imap,1,0,0,4.24,medium
http-alt,0,1,3,5.42,medium
https-alt,1,0,0,4.32,medium
imap,0,1,0,6.06,medium
domain,0,1,0,5.83,medium
http,0,1,17,7.35,high
ssh,1,1,0,3.08,low
tftp,0,1,8,7.84,high
domain,0,1,0,5.05,medium
smtp,0,1,0,4.77,medium
https-alt,1,0,0,3.79,low
imap,0,1,0,5.15,medium
smtp,0,1,5,5.46,medium
other,0,1,7,6.03,medium
pop3,0,1,0,5.57,medium
redis,0,1,14,10.0,high
x11,0,1,4,7.24,high
microsoft-ds,1,1,0,7.82,high
telnet,0,0,0,10.0,high
pop3,0,1,3,5.34,medium
ssh,1,1,0,2.64,low
ssh,1,1,0,3.45,low
ftp,0,1,0,8.05,high
http,0,0,0,5.81,medium
ms-wbt-server,1,1,6,8.4,high
https-alt,1,1,1,3.72,low
vnc,0,1,6,9.38,high
http-alt,0,1,10,5.86,medium
msrpc,0,1,1,6.61,medium
ipp,0,1,4,4.92,medium
http-proxy,0,1,1,5.21,medium
ssh,1,1,0,3.34,low
x11,0,1,12,9.84,high
https,1,1,1,3.82,low
imap,0,1,7,5.58,medium
ssh,1,1,2,3.72,low
https,1,1,0,2.38,low
other,0,1,2,5.63,medium
x11,0,1,0,8.47,high
rpcbind,0,0,0,8.02,high
nfs,0,1,2,7.73,high
snmp,0,1,0,7.43,high
http,0,1,3,6.54,medium
other,0,1,6,6.48,medium
other,1,1,2,5.02,medium
domain,0,1,12,6.18,medium
ipp,0,1,6,4.87,medium
https,1,1,6,4.79,medium
https-alt,1,1,3,4.02,medium
mongodb,0,1,4,8.41,high
domain,0,0,0,6.23,medium
https,1,0,0,3.93,low
ms-sql-s,1,1,4,6.79,medium
pop3,0,0,0,6.72,medium
other,0,1,0,5.0,medium
other,0,0,0,5.98,medium
https,1,1,4,4.21,medium
ssh,1,1,5,4.08,medium
snmp,0,1,1,7.98,high
msrpc,0,1,12,9.71,high
domain,0,1,0,5.04,medium
http,0,0,0,6.33,medium
imap,0,1,1,5.25,medium
ipp,0,1,12,6.24,medium
ldap,1,1,4,5.54,medium
ssh,1,1,12,4.47,medium
mysql,0,1,16,7.83,high
msrpc,0,0,0,8.08,high
netbios-ssn,0,1,5,7.69,high
redis,0,0,0,9.41,high
https,1,1,0,4.33,medium
pop3,0,1,0,5.07,medium
x11,0,0,0,8.26,high
ssh,1,1,0,3.05,low
http,0,1,3,5.8,medium
ftp,0,1,2,6.87,medium
msrpc,0,1,0,6.83,medium
redis,0,1,13,10.0,high
sip,0,1,5,5.23,medium
rpcbind,0,1,8,7.57,high
tftp,0,1,6,7.3,high
ftp,0,1,0,8.61,high
http,0,1,2,6.08,medium
ftp,0,1,19,9.43,high
https,1,1,0,3.86,low
ms-wbt-server,1,1,9,9.02,high
http,0,1,1,5.56,medium
pop3,1,1,5,4.72,medium
pop3,0,0,0,4.49,medium
tftp,0,1,3,7.58,high
ssh,1,1,6,4.15,medium
https,1,0,0,4.75,medium
telnet,0,1,0,9.83,high
redis,0,1,2,9.19,high
https,1,1,0,3.55,low
http,0,1,0,6.18,medium
ms-wbt-server,1,1,19,9.06,high
mongodb,0,1,1,8.0,high
sip,0,1,1,3.96,low
ssh,1,1,3,3.3,low
http,0,0,0,5.65,medium
https-alt,1,1,0,3.96,low
imap,1,0,0,4.84,medium
ms-sql-s,1,1,4,6.67,medium
smtp,0,1,5,5.34,medium
mysql,0,1,12,7.81,high
x11,0,1,1,6.75,medium
ftp,0,1,3,8.14,high
mysql,0,1,2,7.42,high
ssh,1,1,3,3.67,low
telnet,0,1,0,9.71,high
pop3,1,1,3,3.99,low
ipp,0,1,0,4.19,medium
http-alt,0,1,3,4.91,medium
ssh,1,1,5,2.68,low
https,1,0,0,4.02,medium
ssh,1,1,13,5.05,medium
microsoft-ds,0,1,6,8.34,high
smtp,0,1,4,4.78,medium
http,0,1,0,5.65,medium
nfs,0,1,2,8.06,high
ftp,1,1,9,6.58,medium
x11,0,1,0,7.64,high
smtp,1,1,1,4.26,medium
http-proxy,0,1,1,5.46,medium
redis,0,1,12,10.0,high
https,1,1,6,3.99,low
https-alt,1,1,7,4.28,medium
mongodb,0,1,0,7.4,high
https-alt,1,0,0,3.54,low
telnet,0,1,0,9.49,high
https-alt,1,1,3,4.25,medium
https-alt,1,1,6,4.89,medium
telnet,0,1,0,9.87,high
ssh,1,1,4,3.95,low
other,0,1,0,5.09,medium
https,1,1,2,3.74,low
other,0,1,3,5.83,medium
http,0,1,11,5.96,medium
tftp,0,1,0,7.08,high
https,1,1,0,3.28,low
http-alt,0,1,4,5.26,medium
http-alt,0,1,0,4.38,medium
http-proxy,0,1,3,6.42,medium
http,0,1,1,5.64,medium
ms-wbt-server,1,1,6,8.84,high
ssh,1,1,0,3.22,low
tftp,0,1,9,9.01,high
ssh,1,1,1,3.14,low
https,1,0,0,4.21,medium
smtp,0,1,0,5.16,medium
domain,0,1,20,6.84,medium
ms-sql-s,0,0,0,7.37,high
other,0,0,0,5.38,medium
ssh,1,1,0,4.88,medium
mysql,1,1,11,6.82,medium
vnc,0,1,11,9.85,high
x11,0,1,21,10.0,high
smtp,0,1,1,5.09,medium
https-alt,1,1,0,3.29,low
ssh,1,1,3,3.5,low
mongodb,1,1,6,7.69,high
https,1,1,17,5.61,medium
postgresql,0,1,0,6.39,medium
https,1,1,1,3.99,low
nfs,0,1,10,9.17,high
http-alt,0,1,0,5.35,medium
https-alt,1,1,0,4.61,medium
snmp,0,0,0,8.61,high
ssh,1,1,1,3.23,low
other,0,1,0,4.84,medium
ms-wbt-server,1,1,2,7.77,high
microsoft-ds,1,1,9,8.78,high
rtsp,0,1,0,5.09,medium
mysql,1,0,0,6.38,medium
tftp,0,1,7,8.06,high
smtp,0,1,1,5.1,medium
ssh,1,0,0,3.18,low
rpcbind,0,1,10,7.6,high
mysql,0,0,0,7.37,high
https,1,1,1,3.38,low
domain,0,1,16,7.39,high
https,1,1,5,3.86,low
pop3,1,1,21,6.89,medium
https-alt,1,1,20,5.21,medium
sip,0,1,1,4.88,medium
microsoft-ds,1,1,10,8.34,high
https,1,1,3,3.89,low
smtp,0,1,0,4.82,medium
ms-wbt-server,1,0,0,8.88,high
ms-wbt-server,0,1,0,9.16,high
ssh,1,1,0,3.09,low
ftp,0,1,0,7.51,high
rpcbind,0,1,19,9.16,high
ms-wbt-server,1,1,2,8.02,high
pop3,0,1,0,4.98,medium
http-proxy,0,1,7,5.99,medium
domain,0,1,5,5.68,medium
rpcbind,0,1,21,9.03,high
ftp,0,1,0,7.08,high
http-alt,0,1,0,4.66,medium
postgresql,1,1,0,4.72,medium
sip,0,1,0,5.72,medium
microsoft-ds,0,1,4,9.0,high
telnet,0,1,0,9.68,high
nfs,0,1,4,8.16,high
smtp,1,1,0,4.28,medium
ldap,0,1,0,7.16,high
https,1,1,4,5.06,medium
postgresql,0,1,2,5.88,medium
domain,0,1,13,6.55,medium
http,0,0,0,5.5,medium
ftp,0,1,1,8.84,high
domain,0,1,2,6.29,medium
mysql,0,1,0,5.59,medium
http-proxy,0,1,11,6.04,medium
microsoft-ds,0,1,5,9.95,high
ssh,1,1,0,3.41,low
https-alt,1,1,0,3.43,low
ftp,0,1,0,7.43,high
http,0,1,1,5.93,medium
ssh,1,0,0,3.58,low
rpcbind,0,0,0,7.43,high
ssh,1,1,0,2.68,low
ipp,0,1,2,3.84,low
https-alt,1,1,0,3.41,low
other,0,1,14,7.04,high
ftp,0,1,0,7.49,high
pop3,0,1,0,5.62,medium
domain,0,1,4,5.7,medium
ms-wbt-server,1,1,11,9.0,high
mysql,0,1,0,5.92,medium
other,1,1,18,6.47,medium
telnet,0,1,5,10.0,high
smtp,0,1,0,5.35,medium
https,1,1,7,4.5,medium
msrpc,0,1,0,7.4,high
smtp,0,0,0,6.23,medium
other,0,1,8,5.94,medium
smtp,1,1,0,3.55,low
netbios-ssn,0,1,0,7.99,high
ftp,0,1,0,6.65,medium
https-alt,1,1,4,4.0,low
snmp,0,1,21,9.83,high
imap,0,1,2,5.97,medium
microsoft-ds,1,0,0,8.34,high
http-proxy,0,1,0,6.08,medium
https-alt,1,1,0,3.81,low
imap,0,1,0,4.82,medium
other,0,0,0,6.09,medium
snmp,0,0,0,7.75,high
imap,0,1,0,5.54,medium
https,1,1,1,4.09,medium
pop3,1,1,0,4.37,medium
rpcbind,0,1,5,7.62,high
https,1,1,0,3.31,low
postgresql,0,1,0,6.13,medium
domain,0,1,5,5.66,medium
other,0,1,0,5.34,medium
redis,0,1,9,8.52,high
ms-sql-s,0,1,15,8.88,high
ftp,1,1,6,7.09,high
postgresql,0,1,0,6.29,medium
mongodb,1,0,0,7.71,high
rtsp,0,1,0,5.08,medium
redis,0,1,7,8.51,high
rtsp,0,1,0,5.17,medium
snmp,0,1,9,8.52,high
mysql,1,0,0,6.55,medium
mysql,1,1,0,5.88,medium
ssh,1,1,9,3.77,low
smtp,0,1,2,4.55,medium
mysql,1,1,11,6.99,medium
https,1,1,15,5.62,medium
http,0,0,0,5.65,medium
mongodb,0,1,14,9.02,high
https,1,1,0,4.27,medium
mysql,0,1,0,5.17,medium
ftp,0,1,19,9.37,high
imap,0,1,3,5.83,medium
netbios-ssn,0,1,0,8.91,high
nfs,0,1,15,9.24,high
ssh,1,0,0,4.79,medium
netbios-ssn,0,1,5,7.72,high
https,1,1,6,4.27,medium
https-alt,1,1,1,2.88,low
http,0,1,0,6.12,medium
ssh,1,0,0,2.51,low
ssh,1,1,2,3.57,low
other,0,1,0,4.97,medium
mysql,0,1,11,7.31,high
vnc,0,0,0,7.92,high
domain,0,1,8,6.8,medium
domain,0,0,0,6.61,medium
redis,0,1,0,7.87,high
http-alt,0,1,5,5.17,medium
telnet,0,1,12,10.0,high
https-alt,1,1,5,4.68,medium
snmp,0,1,0,6.84,medium
ftp,0,1,2,7.7,high
microsoft-ds,1,1,2,7.61,high
nfs,0,1,14,8.04,high
snmp,0,1,0,7.7,high
ftp,0,1,0,7.36,high
rpcbind,0,0,0,7.57,high
redis,1,1,3,7.9,high
postgresql,0,1,1,6.39,medium
postgresql,0,0,0,6.8,medium
mysql,1,0,0,6.39,medium
msrpc,0,1,1,7.19,high
microsoft-ds,0,1,0,8.94,high
ftp,0,1,2,7.33,high
mongodb,0,1,5,8.21,high
ssh,1,1,16,5.22,medium
other,0,1,0,4.17,medium
https-alt,1,1,0,3.83,low
imap,1,1,2,3.23,low
domain,0,1,2,5.81,medium
msrpc,0,1,0,6.36,medium
ssh,1,1,10,5.62,medium
ssh,1,1,18,4.55,medium
https,1,1,21,5.66,medium
https,1,1,4,3.63,low
pop3,0,1,16,6.71,medium
ssh,1,1,4,3.37,low
https,1,1,3,3.94,low
ms-sql-s,0,1,1,6.72,medium
https-alt,1,1,0,3.24,low
microsoft-ds,0,1,0,9.07,high
other,0,1,12,6.2,medium
ssh,1,1,0,3.29,low
microsoft-ds,0,0,0,9.12,high
sip,0,1,1,4.66,medium
ftp,0,1,2,7.51,high
ssh,1,1,0,3.42,low
ssh,1,1,10,5.01,medium
http,0,1,12,7.14,high
https,1,1,5,4.86,medium
microsoft-ds,0,1,0,9.03,high
rpcbind,0,1,4,6.22,medium
http-proxy,0,1,3,6.4,medium
ftp,0,1,1,8.05,high
pop3,0,1,0,6.6,medium
snmp,0,1,0,8.35,high
ldap,0,1,0,6.07,medium
http-proxy,0,0,0,6.61,medium
https,1,1,0,3.68,low
snmp,0,1,0,7.32,high
https,1,1,0,3.98,low
http-proxy,0,1,3,6.25,medium
msrpc,0,1,0,7.27,high
imap,0,1,3,5.1,medium
http-proxy,0,1,0,5.9,medium
snmp,0,1,0,7.58,high
imap,0,1,6,5.46,medium
ms-wbt-server,1,1,10,8.88,high
mysql,0,1,2,6.82,medium
http,0,1,3,4.96,medium
http-proxy,0,0,0,6.37,medium
https,1,1,10,4.24,medium
snmp,0,1,0,7.92,high
other,0,1,0,5.08,medium
ssh,1,1,1,3.8,low
other,0,1,0,5.36,medium
https,1,1,4,3.35,low
ms-wbt-server,1,1,0,8.42,high
domain,0,0,0,6.1,medium
vnc,0,1,0,8.49,high
https,1,1,2,3.55,low
http,0,1,0,4.44,medium
snmp,0,1,11,7.53,high
https-alt,1,1,4,4.19,medium
microsoft-ds,0,1,4,8.97,high
http,0,0,0,5.19,medium
ssh,1,0,0,4.29,medium
tftp,0,1,0,7.22,high
http,0,0,0,6.04,medium
https,1,1,0,3.06,low
tftp,0,0,0,8.11,high
domain,0,1,0,5.21,medium
snmp,0,1,4,8.22,high
sip,0,1,21,7.25,high
netbios-ssn,0,1,5,7.33,high
https-alt,1,1,0,4.31,medium
https,1,1,14,5.02,medium
redis,0,1,0,8.25,high
msrpc,0,1,1,6.5,medium
http,0,1,0,4.76,medium
ssh,1,1,12,4.83,medium
pop3,0,1,0,5.32,medium
ms-wbt-server,1,1,11,9.45,high
microsoft-ds,0,1,0,8.76,high
other,1,1,0,4.86,medium
smtp,0,0,0,4.78,medium
https,1,1,0,3.97,low
smtp,1,1,20,5.44,medium
https-alt,1,1,5,4.08,medium
microsoft-ds,0,1,0,9.7,high
microsoft-ds,1,1,1,8.31,high
https-alt,1,1,1,4.01,medium
https-alt,1,1,0,4.54,medium
msrpc,0,0,0,6.94,medium
mysql,1,1,4,6.16,medium
smtp,0,1,0,4.81,medium
http-proxy,0,0,0,6.05,medium
redis,1,1,0,7.93,high
https,1,0,0,3.6,low
nfs,0,1,0,7.63,high
ssh,1,1,2,3.1,low
tftp,0,1,4,8.18,high
ftp,0,1,1,8.29,high
sip,0,0,0,5.19,medium
mysql,0,1,21,9.02,high
sip,0,1,2,5.11,medium
microsoft-ds,0,1,2,8.48,high
https-alt,1,0,0,4.03,medium
ssh,1,1,0,2.98,low
https,1,1,2,3.86,low
netbios-ssn,0,1,0,7.15,high
msrpc,0,1,0,6.61,medium
mysql,1,0,0,6.86,medium
domain,0,1,11,6.03,medium
ms-sql-s,0,1,0,8.06,high
tftp,0,1,8,7.32,high
mysql,0,1,0,6.87,medium
nfs,0,1,4,7.94,high
postgresql,0,1,3,6.16,medium
mongodb,0,1,4,7.91,high
snmp,0,1,0,7.58,high
http-alt,0,1,0,5.97,medium
postgresql,1,1,1,4.98,medium
mysql,0,1,1,6.37,medium
domain,0,1,0,5.81,medium
ssh,1,1,0,3.38,low
postgresql,0,0,0,6.71,medium
http,0,1,5,5.7,medium
other,1,1,12,4.7,medium
domain,0,1,3,5.43,medium
https,1,1,10,4.66,medium
ssh,1,1,0,4.53,medium
ftp,0,1,21,9.25,high
http-proxy,0,1,0,5.07,medium
ssh,1,1,1,2.66,low
other,0,1,1,6.03,medium
smtp,1,1,3,4.16,medium
microsoft-ds,0,1,0,9.54,high
http,0,1,0,6.17,medium
netbios-ssn,0,1,0,8.2,high
ssh,1,1,0,3.44,low
imap,0,1,2,5.55,medium
ssh,1,1,21,6.3,medium
https,1,1,9,4.23,medium
ipp,1,1,0,3.67,low
http-alt,0,1,14,7.28,high
ssh,1,1,0,3.25,low
https,1,1,0,4.04,medium
https,1,1,11,4.62,medium
ftp,0,1,7,8.28,high
http,0,1,3,5.55,medium
x11,0,1,11,7.83,high
https,1,0,0,4.87,medium
sip,0,1,1,4.81,medium
http-proxy,1,1,0,4.34,medium
redis,0,1,0,8.7,high
mysql,0,1,0,6.22,medium
ssh,1,1,0,3.91,low
mongodb,0,1,0,7.08,high
microsoft-ds,0,1,0,8.06,high
https,1,1,0,3.35,low
ssh,1,1,0,3.22,low
mongodb,1,0,0,7.75,high
rpcbind,0,1,0,6.91,medium
other,0,1,0,5.58,medium
ssh,1,1,0,3.75,low
http-alt,0,1,0,5.08,medium
ms-sql-s,1,1,3,5.24,medium
ms-sql-s,1,0,0,6.17,medium
ftp,0,1,4,7.9,high
ssh,1,1,0,2.93,low
ftp,0,1,12,8.8,high
telnet,0,1,3,10.0,high
ssh,1,1,3,3.8,low
https-alt,1,1,4,3.8,low
ssh,1,1,1,3.4,low
smtp,0,0,0,5.34,medium
smtp,0,1,4,5.47,medium
pop3,0,1,0,5.04,medium
msrpc,0,1,19,9.2,high
domain,0,1,19,6.79,medium
http-proxy,0,1,5,5.71,medium
http,0,1,1,5.71,medium
https,1,1,5,3.2,low
other,1,1,0,4.44,medium
microsoft-ds,1,0,0,8.37,high
postgresql,0,1,2,6.78,medium
redis,1,1,0,7.28,high
mysql,0,1,2,6.15,medium
rpcbind,0,1,0,7.35,high
vnc,0,1,6,9.21,high
ssh,1,1,0,3.71,low
imap,0,1,2,5.18,medium
https,1,1,0,3.88,low
ftp,0,0,0,7.46,high
tftp,0,1,18,10.0,high
ldap,1,1,3,5.39,medium
microsoft-ds,0,1,0,9.76,high
snmp,0,1,7,7.9,high
other,1,1,8,4.86,medium
mongodb,0,1,3,8.64,high
mongodb,0,1,1,8.25,high
http,0,1,21,7.42,high
imap,1,1,7,4.98,medium
http,0,1,2,6.59,medium
postgresql,0,1,3,5.62,medium
https,1,1,0,4.17,medium
ms-wbt-server,1,1,0,7.39,high
http-proxy,0,1,0,6.14,medium
ssh,1,1,5,4.75,medium
https,1,1,10,4.73,medium
mysql,1,1,19,7.51,high
http,0,1,7,6.34,medium
tftp,0,1,0,7.38,high
vnc,0,1,3,8.56,high
tftp,0,1,4,8.6,high
ssh,1,1,0,3.58,low
rpcbind,0,1,0,6.87,medium
ssh,1,1,4,4.59,medium
tftp,0,1,5,8.3,high
https,1,1,5,4.88,medium
https,1,1,5,4.18,medium
microsoft-ds,0,1,3,9.57,high
ftp,0,1,6,8.44,high
ftp,0,1,0,6.73,medium
https,1,1,0,2.65,low
x11,0,1,4,6.55,medium
domain,0,1,21,7.59,high
http-proxy,0,0,0,5.99,medium
ssh,1,1,5,4.55,medium
smtp,0,1,1,5.35,medium
imap,0,1,14,6.89,medium
other,0,1,2,6.33,medium
ms-wbt-server,1,1,0,8.59,high
https,1,1,4,4.65,medium
ftp,0,1,0,7.15,high
smtp,1,1,4,4.01,medium
https,1,1,12,5.4,medium
sip,0,1,8,5.3,medium
rtsp,0,1,11,5.71,medium
snmp,0,1,2,7.44,high
http-proxy,0,1,6,5.46,medium
mysql,0,1,3,6.19,medium
domain,0,1,9,5.43,medium
smtp,0,1,3,5.82,medium
msrpc,0,1,0,6.57,medium
ms-sql-s,0,1,16,9.39,high
nfs,0,1,0,7.45,high
mysql,0,1,0,6.87,medium
ms-wbt-server,1,1,0,6.88,medium
https,1,1,2,4.09,medium
http,0,0,0,6.07,medium
netbios-ssn,0,1,0,8.28,high
ssh,1,1,8,4.31,medium
https,1,1,7,4.33,medium
nfs,0,1,4,8.14,high
ms-wbt-server,1,1,4,8.46,high
telnet,0,1,0,9.88,high
ftp,0,0,0,7.3,high
ssh,1,1,1,3.29,low
other,0,1,0,6.27,medium
ftp,0,1,10,9.03,high
ssh,1,1,2,3.92,low
tftp,0,0,0,8.04,high
http,0,0,0,6.21,medium
ssh,1,1,0,3.49,low
mysql,1,0,0,5.92,medium
telnet,0,1,8,10.0,high
http,0,1,0,4.79,medium
other,0,1,9,6.31,medium
snmp,0,1,1,7.69,high
redis,0,1,4,8.73,high
netbios-ssn,0,1,0,8.02,high
http,0,1,4,5.53,medium
http,0,1,4,6.49,medium
ssh,1,1,6,4.42,medium
ssh,1,1,0,3.69,low
https,1,0,0,4.2,medium
https,1,0,0,3.8,low
nfs,0,1,12,8.22,high
http,0,1,1,6.51,medium
ms-sql-s,0,1,5,7.55,high
msrpc,0,1,0,5.91,medium
https-alt,1,1,1,4.42,medium
rtsp,0,1,0,4.67,medium
other,1,1,3,3.94,low
http-proxy,0,0,0,5.7,medium
domain,0,1,0,5.22,medium
smtp,0,1,0,5.02,medium
microsoft-ds,0,1,4,8.9,high
nfs,0,1,0,6.68,medium
domain,0,1,0,4.64,medium
tftp,0,1,0,7.91,high
https-alt,1,1,9,4.55,medium
netbios-ssn,0,1,0,8.72,high
mongodb,0,0,0,7.84,high
ssh,1,1,2,3.49,low
microsoft-ds,0,1,5,9.73,high
https,1,1,8,4.63,medium
ssh,1,1,0,4.25,medium
tftp,0,1,5,8.46,high
ssh,1,1,7,5.28,medium
ipp,0,1,4,4.81,medium
ssh,1,1,12,5.44,medium
https,1,1,16,5.65,medium
ssh,1,1,0,2.77,low
http,0,1,3,6.24,medium
msrpc,0,1,17,8.4,high
ssh,1,1,6,4.75,medium
https-alt,1,1,0,3.86,low
http,0,0,0,5.79,medium
sip,0,1,0,3.99,low
pop3,0,1,0,5.74,medium
ssh,1,1,0,3.58,low
other,1,1,4,3.78,low
vnc,0,1,0,8.24,high
mongodb,0,1,8,7.74,high
domain,0,1,0,5.95,medium
smtp,0,1,8,5.76,medium
http,0,1,2,5.46,medium
ftp,0,1,0,7.88,high
ldap,0,1,3,6.81,medium
http,0,0,0,4.98,medium
http,0,0,0,5.77,medium
sip,0,1,7,5.47,medium
ssh,1,1,4,3.68,low
ipp,0,1,0,4.38,medium
ssh,1,1,0,3.46,low
http-alt,0,1,9,6.27,medium
domain,0,1,14,5.98,medium
http,0,1,3,5.91,medium
microsoft-ds,0,1,21,10.0,high
snmp,0,1,7,7.81,high
domain,0,1,13,7.59,high
https,1,1,1,4.42,medium
rtsp,0,1,10,6.49,medium
microsoft-ds,0,1,0,9.48,high
http,0,0,0,5.75,medium
x11,0,1,1,8.01,high
ssh,1,1,0,4.1,medium
https,1,1,0,4.15,medium
http,0,1,2,5.49,medium
http,0,0,0,6.37,medium
mysql,0,1,0,7.46,high
pop3,0,1,4,5.56,medium
https,1,1,2,3.5,low
ssh,1,0,0,3.24,low
domain,0,1,20,7.76,high
mysql,0,1,5,6.37,medium
ftp,1,1,5,7.51,high
ms-wbt-server,1,1,10,8.28,high
redis,0,1,1,9.67,high
postgresql,0,0,0,6.14,medium
https-alt,1,0,0,4.8,medium
imap,0,0,0,5.73,medium
x11,0,1,4,8.39,high
microsoft-ds,0,1,0,8.97,high
mysql,0,1,9,6.54,medium
https,1,1,0,3.22,low
postgresql,0,1,0,5.51,medium
ssh,1,1,10,5.03,medium
ssh,1,0,0,3.64,low
microsoft-ds,1,0,0,8.12,high
http-alt,0,1,6,5.48,medium
https-alt,1,1,15,5.19,medium
ldap,1,1,3,5.31,medium
ftp,0,1,7,8.24,high
https-alt,1,1,0,4.23,medium
https,1,1,1,3.74,low
domain,0,1,7,5.54,medium
http,0,1,0,5.45,medium
mongodb,1,1,2,5.26,medium
https,1,1,6,4.43,medium
imap,0,1,1,5.37,medium
ftp,0,0,0,8.51,high
rtsp,0,1,6,6.15,medium
https-alt,1,1,6,3.95,low
https,1,1,0,3.57,low
rpcbind,0,1,6,7.74,high
ftp,0,1,11,8.87,high
https-alt,1,0,0,4.99,medium
https-alt,1,1,6,3.2,low
domain,0,1,1,5.26,medium
ipp,0,1,0,4.92,medium
smtp,0,1,0,4.9,medium
http-proxy,0,0,0,5.43,medium
netbios-ssn,0,1,0,8.17,high
microsoft-ds,0,0,0,10.0,high
x11,0,1,0,7.07,high
https,1,1,0,3.29,low
ms-wbt-server,1,1,8,8.41,high
x11,0,1,11,9.37,high
domain,0,1,0,4.79,medium
mongodb,0,0,0,8.35,high
vnc,0,1,0,8.1,high
http,0,1,0,5.16,medium
mysql,0,1,5,7.31,high
http-alt,0,1,0,5.25,medium
https,1,1,0,4.11,medium
ms-wbt-server,1,1,1,7.99,high
https,1,1,0,3.39,low
https,1,1,7,5.1,medium
https,1,1,0,3.8,low
ipp,0,1,3,5.27,medium
http-alt,0,1,11,7.04,high
ipp,0,1,2,4.85,medium
ssh,1,1,6,3.43,low
telnet,0,1,8,10.0,high
https-alt,1,1,0,4.19,medium
http,0,1,11,5.93,medium
ssh,1,1,10,5.19,medium
postgresql,0,1,0,6.26,medium
telnet,0,1,0,9.21,high
imap,0,1,0,5.33,medium
imap,0,1,2,5.93,medium
pop3,0,1,4,5.33,medium
mysql,0,1,0,6.33,medium
nfs,0,0,0,7.77,high
domain,0,1,1,5.63,medium
postgresql,0,1,0,5.88,medium
other,0,1,11,6.36,medium
vnc,0,1,18,9.78,high
msrpc,0,1,0,6.5,medium
rpcbind,0,1,5,6.52,medium
domain,0,1,0,4.41,medium
imap,1,0,0,4.63,medium
ipp,0,1,1,4.08,medium
https-alt,1,1,0,4.35,medium
rpcbind,0,1,1,7.22,high
ssh,1,1,21,6.14,medium
ftp,0,1,0,7.63,high
snmp,0,0,0,8.22,high
smtp,1,0,0,4.51,medium
ftp,0,1,7,7.96,high
http-alt,0,0,0,6.04,medium
rtsp,0,1,21,8.34,high
ssh,1,1,4,3.73,low
domain,0,1,21,6.68,medium
http,0,1,13,5.86,medium
ldap,1,1,3,5.17,medium
ftp,0,1,0,7.54,high
microsoft-ds,1,1,4,8.45,high
sip,0,0,0,5.45,medium
other,0,1,15,6.05,medium
telnet,0,1,0,9.62,high
http,0,0,0,6.84,medium
ssh,1,1,0,3.03,low
https,1,0,0,3.49,low
domain,0,1,11,6.91,medium
http-alt,0,1,0,5.31,medium
ssh,1,1,3,4.74,medium
https,1,1,0,3.7,low
netbios-ssn,0,1,3,7.52,high
https-alt,1,1,0,3.29,low
ftp,1,1,0,7.21,high
https,1,1,5,4.5,medium
tftp,0,1,17,8.92,high
redis,0,1,15,10.0,high
telnet,0,1,6,10.0,high
pop3,0,1,7,6.11,medium
mysql,0,0,0,7.16,high
vnc,0,1,20,10.0,high
smtp,1,1,0,3.92,low
ldap,0,1,0,5.1,medium
ssh,1,1,0,1.89,low
https,1,1,0,4.68,medium
sip,0,1,7,5.59,medium
netbios-ssn,0,0,0,8.14,high
ms-sql-s,0,1,0,6.83,medium
https,1,1,1,3.32,low
microsoft-ds,0,0,0,9.52,high
ldap,0,0,0,6.97,medium
https-alt,1,1,21,5.97,medium
https-alt,1,1,7,4.23,medium
ldap,0,1,0,6.34,medium
rtsp,0,1,1,5.34,medium
smtp,1,1,12,4.46,medium
ssh,1,1,0,3.38,low
ftp,0,1,0,6.82,medium
ms-wbt-server,1,1,9,8.64,high
http-alt,0,0,0,5.0,medium
x11,0,1,8,9.52,high
sip,0,1,2,5.02,medium
mysql,0,1,0,6.09,medium
https,1,1,4,3.78,low
https,1,0,0,4.1,medium
imap,0,1,0,4.48,medium
ssh,1,1,0,4.4,medium
snmp,0,1,0,7.61,high
imap,0,1,15,6.09,medium
mongodb,1,1,3,7.85,high
https,1,1,0,3.99,low
https,1,1,21,7.23,high
https,1,1,7,4.0,medium
https,1,1,0,3.09,low
https-alt,1,1,0,3.61,low
x11,0,0,0,8.13,high
https-alt,1,1,0,3.77,low
http,0,1,0,5.23,medium
http-proxy,0,1,9,5.5,medium
http,0,1,0,5.75,medium
mysql,0,1,0,5.88,medium
rpcbind,0,1,2,7.14,high
nfs,0,1,11,8.95,high
microsoft-ds,0,1,0,9.44,high
imap,0,1,16,7.3,high
https,1,1,0,2.68,low
ipp,0,1,0,4.6,medium
domain,0,1,10,6.5,medium
http-proxy,0,1,6,6.47,medium
smtp,0,1,4,5.15,medium
mongodb,0,1,5,8.88,high
https,1,0,0,3.84,low
mongodb,0,1,7,8.56,high
ssh,1,0,0,3.45,low
ssh,1,1,3,4.03,medium
http,0,0,0,4.41,medium
https,1,1,19,5.23,medium
rpcbind,0,1,3,6.88,medium
https,1,1,0,3.4,low
ssh,1,1,3,3.34,low
ssh,1,1,5,3.97,low
sip,0,1,13,6.54,medium
https,1,1,4,5.13,medium
other,0,1,1,5.66,medium
http-proxy,0,1,3,6.33,medium
https,1,1,21,5.78,medium
ssh,1,1,4,3.45,low
smtp,0,0,0,5.44,medium
https-alt,1,1,0,3.67,low
ldap,0,1,0,5.17,medium
http,0,1,0,5.97,medium
microsoft-ds,0,1,2,9.91,high
x11,0,1,1,7.26,high
https,1,0,0,4.15,medium
ldap,1,1,0,4.62,medium
ldap,0,1,3,6.32,medium
nfs,0,1,0,8.47,high
imap,1,1,0,4.17,medium
https,1,0,0,4.47,medium
https,1,1,7,4.1,medium
tftp,0,1,3,8.21,high
http,0,1,19,8.03,high
smtp,1,1,0,4.49,medium
http-alt,0,0,0,5.02,medium
pop3,0,1,5,5.18,medium
ldap,0,1,2,6.21,medium
smtp,0,1,8,5.49,medium
http,0,0,0,6.19,medium
imap,0,1,0,6.08,medium
smtp,1,1,11,4.87,medium
https,1,1,0,3.99,low
ssh,1,0,0,4.67,medium
mysql,0,1,9,7.76,high
ssh,1,1,1,3.26,low
https,1,1,2,4.3,medium
ms-wbt-server,1,1,4,8.37,high
http,0,1,0,5.33,medium
rpcbind,0,1,0,6.2,medium
ssh,1,1,8,4.26,medium
nfs,0,1,0,7.05,high
rtsp,0,1,1,4.47,medium
snmp,0,1,0,7.2,high
domain,0,1,0,5.62,medium
https-alt,1,0,0,4.39,medium
postgresql,1,1,1,6.0,medium
https,1,1,0,3.02,low
other,0,1,0,4.2,medium
https,1,1,0,4.03,medium
vnc,0,1,13,9.92,high
https,1,1,18,6.01,medium
ftp,0,1,4,7.17,high
ldap,0,1,21,7.79,high
https,1,1,0,3.76,low
ssh,1,1,0,2.55,low
domain,0,1,0,5.47,medium
postgresql,1,1,0,4.52,medium
https,1,0,0,4.91,medium
ssh,1,1,0,4.39,medium
smtp,1,1,0,3.78,low
https,1,1,21,5.71,medium
x11,0,0,0,7.94,high
vnc,0,1,3,9.02,high
ipp,0,1,0,5.47,medium
other,0,1,0,5.6,medium
nfs,0,1,1,8.36,high
nfs,0,0,0,8.19,high
ms-wbt-server,1,1,13,9.64,high
https,1,1,0,3.86,low
x11,0,1,0,8.21,high
imap,0,1,18,7.69,high
other,0,1,0,5.52,medium
telnet,0,0,0,10.0,high
http,0,1,0,4.51,medium
domain,0,1,1,5.48,medium
https,1,1,4,3.23,low
mysql,0,1,6,7.61,high
ldap,0,1,2,6.3,medium
vnc,0,1,3,8.75,high
ssh,1,1,13,5.63,medium
ssh,1,1,6,3.99,low
netbios-ssn,0,1,2,7.12,high
ldap,0,1,0,5.49,medium
https,1,0,0,4.3,medium
telnet,0,1,5,9.67,high
ms-sql-s,0,1,3,7.88,high
http,0,1,0,5.47,medium
mysql,1,1,0,5.11,medium
snmp,0,1,8,7.77,high
smtp,1,1,7,4.82,medium
redis,1,1,2,7.24,high
domain,0,1,0,5.79,medium
ssh,1,1,2,3.58,low
http,0,1,0,5.23,medium
microsoft-ds,1,1,0,6.82,medium
https,1,1,2,3.17,low
vnc,0,1,0,8.47,high
ssh,1,1,0,3.63,low
mysql,1,1,9,6.74,medium
ssh,1,1,0,4.07,medium
mongodb,1,1,3,8.03,high
redis,0,1,5,8.99,high
imap,0,1,3,4.71,medium
ftp,0,1,0,8.2,high
x11,0,1,0,7.05,high
ssh,1,1,13,4.67,medium
https,1,1,8,4.5,medium
microsoft-ds,0,1,0,9.35,high
https,1,1,3,4.16,medium
ssh,1,1,0,3.52,low
https,1,1,0,4.11,medium
ssh,1,1,6,4.51,medium
rtsp,0,0,0,5.67,medium
domain,0,1,4,5.23,medium
sip,0,1,0,6.06,medium
https,1,1,0,4.22,medium
microsoft-ds,1,1,6,9.88,high
msrpc,0,1,4,8.12,high
tftp,0,1,6,8.57,high
https-alt,1,1,0,3.23,low
pop3,0,0,0,5.31,medium
rtsp,0,1,0,4.6,medium
https,1,1,0,3.39,low
other,0,1,0,5.66,medium
vnc,0,1,0,9.09,high
ssh,1,1,4,4.23,medium
https,1,1,11,4.72,medium
ftp,0,1,11,8.16,high
ssh,1,1,17,5.29,medium
mysql,0,1,0,5.94,medium
sip,0,1,0,4.51,medium
domain,0,1,7,6.53,medium
snmp,0,1,7,8.17,high
netbios-ssn,0,1,0,6.84,medium
microsoft-ds,1,0,0,8.28,high
microsoft-ds,1,1,0,7.69,high
ipp,0,1,2,4.31,medium
mysql,0,1,8,7.33,high
x11,0,1,3,8.72,high
ssh,1,0,0,4.52,medium
ssh,1,1,5,4.21,medium
domain,0,1,0,4.97,medium
https-alt,1,1,0,3.92,low
postgresql,1,0,0,5.71,medium
https,1,0,0,4.44,medium
tftp,0,1,1,8.43,high
ssh,1,1,10,4.75,medium
other,0,0,0,4.82,medium
https,1,0,0,4.09,medium
http,0,1,11,6.2,medium
http-alt,0,1,4,5.39,medium
mysql,0,1,0,7.92,high
rtsp,0,1,13,5.51,medium
ssh,1,1,3,3.9,low
other,0,1,0,4.57,medium
imap,1,1,0,4.33,medium
tftp,0,1,8,7.84,high
http,0,0,0,6.44,medium
netbios-ssn,0,0,0,8.53,high
nfs,0,0,0,8.87,high
msrpc,0,1,0,7.07,high
ssh,1,1,0,3.05,low
redis,0,0,0,8.71,high
vnc,0,1,4,9.35,high
ftp,0,1,0,7.12,high
https,1,1,3,3.4,low
ssh,1,1,0,3.38,low
ftp,0,1,0,8.48,high
ftp,0,1,21,9.59,high
http,0,1,4,6.33,medium
rpcbind,0,1,10,8.19,high
http,0,1,0,5.23,medium
pop3,0,1,21,7.26,high
https-alt,1,1,0,3.48,low
rpcbind,0,1,1,7.79,high
rtsp,0,1,4,5.02,medium
ftp,0,1,0,7.92,high
https-alt,1,1,3,3.68,low
other,0,1,6,5.91,medium
ssh,1,1,0,3.63,low
smtp,1,1,7,4.18,medium
x11,0,1,15,8.5,high
https,1,1,4,3.62,low
ssh,1,1,3,3.51,low
x11,0,0,0,7.43,high
smtp,1,0,0,5.2,medium
smtp,0,1,0,5.66,medium
https,1,1,4,4.08,medium
rtsp,0,0,0,5.61,medium
ipp,0,1,17,5.84,medium
sip,0,1,5,4.54,medium
snmp,0,1,0,6.84,medium
mysql,1,1,0,5.19,medium
ftp,1,1,6,6.91,medium
ssh,1,1,0,3.68,low
pop3,0,1,0,5.66,medium
pop3,0,1,4,5.17,medium
nfs,0,1,6,8.26,high
mongodb,0,1,0,8.58,high
http,0,1,0,5.61,medium
x11,0,1,2,8.42,high
tftp,0,1,8,8.42,high
ssh,1,0,0,4.02,medium
postgresql,0,1,4,6.31,medium
postgresql,1,1,1,5.34,medium
http-proxy,0,1,0,6.21,medium
https,1,1,0,4.64,medium
msrpc,0,1,0,5.82,medium
ssh,1,1,0,3.18,low
https-alt,1,0,0,4.05,medium
sip,0,1,0,4.39,medium
pop3,0,1,0,5.31,medium
ssh,1,1,1,3.12,low
smtp,1,1,0,3.91,low
http-proxy,0,1,0,5.5,medium
domain,0,0,0,5.21,medium
msrpc,0,0,0,8.21,high
microsoft-ds,1,1,0,8.07,high
http-proxy,0,0,0,6.03,medium
netbios-ssn,0,1,0,7.78,high
ldap,0,1,0,6.68,medium
http,0,0,0,5.2,medium
https-alt,1,0,0,4.34,medium
ftp,0,1,0,7.1,high
http-alt,0,1,7,7.28,high
smtp,1,0,0,4.51,medium
ftp,0,1,7,7.63,high
nfs,0,1,2,7.42,high
netbios-ssn,0,1,13,7.74,high
x11,0,1,21,10.0,high
rpcbind,0,1,8,7.6,high
ldap,0,1,0,6.37,medium
domain,0,1,1,5.2,medium
telnet,0,0,0,10.0,high
vnc,0,1,1,9.2,high
microsoft-ds,0,1,0,9.0,high
http,0,1,2,5.82,medium
msrpc,0,1,1,6.92,medium
domain,0,1,1,4.69,medium
x11,0,1,0,7.6,high
ftp,0,1,2,7.29,high
https-alt,1,1,0,4.43,medium
microsoft-ds,0,1,0,9.99,high
netbios-ssn,0,1,1,7.22,high
ms-wbt-server,1,1,12,8.71,high
other,0,1,1,5.46,medium
http-alt,0,1,1,4.7,medium
http-alt,0,1,0,4.54,medium
other,1,1,21,5.46,medium
microsoft-ds,1,1,5,9.15,high
other,0,1,0,5.23,medium
mongodb,1,0,0,8.22,high
http-alt,0,1,0,4.7,medium
http-proxy,0,1,0,5.38,medium
postgresql,0,0,0,6.61,medium
https-alt,1,1,0,2.86,low
ms-wbt-server,1,1,0,7.87,high
other,1,1,4,4.77,medium
postgresql,1,0,0,6.24,medium
sip,0,0,0,5.32,medium
other,0,0,0,5.36,medium
ftp,0,1,7,8.55,high
https-alt,1,1,0,4.17,medium
http,0,1,21,6.94,medium
ssh,1,1,0,3.15,low
ms-wbt-server,1,1,4,7.78,high
domain,0,0,0,5.42,medium
rtsp,0,1,5,6.01,medium
smtp,0,1,9,6.14,medium
ms-wbt-server,1,1,4,8.37,high
nfs,0,1,7,7.82,high
https,1,1,0,3.64,low
ftp,0,1,1,6.82,medium
ssh,1,1,0,3.82,low
other,0,1,2,5.2,medium
telnet,0,1,1,10.0,high
vnc,0,1,2,8.39,high
rtsp,0,1,0,5.41,medium
tftp,0,1,4,8.84,high
http,0,0,0,6.63,medium
rtsp,0,1,2,4.85,medium
http,0,1,0,5.86,medium
mysql,0,1,17,7.62,high
ssh,1,1,5,4.25,medium
http,0,1,0,5.02,medium
mongodb,1,1,21,8.83,high
http,0,1,9,6.86,medium
https,1,1,0,4.76,medium
rtsp,0,1,5,5.16,medium
smtp,1,1,0,3.34,low
msrpc,0,1,4,7.51,high
microsoft-ds,1,1,0,8.73,high
nfs,0,1,0,7.32,high
telnet,0,0,0,10.0,high
other,0,1,21,6.76,medium
x11,0,1,18,9.61,high
https,1,1,14,4.42,medium
vnc,0,1,0,8.57,high
rpcbind,0,1,0,6.89,medium
http-proxy,0,1,0,6.32,medium
msrpc,0,0,0,7.79,high
ssh,1,1,7,3.81,low
https-alt,1,1,11,5.01,medium
https,1,1,1,3.65,low
ms-wbt-server,1,1,0,7.3,high
ssh,1,1,2,3.24,low
ms-wbt-server,1,1,0,7.86,high
https,1,1,11,5.02,medium
domain,0,0,0,5.63,medium
mysql,1,0,0,6.34,medium
vnc,0,1,3,8.46,high
telnet,0,1,0,9.83,high
nfs,0,1,0,7.66,high
https,1,1,0,3.24,low
ssh,1,1,7,4.25,medium
other,0,1,6,6.04,medium
microsoft-ds,0,1,11,9.83,high
http,0,1,8,6.87,medium
snmp,0,1,6,7.86,high
domain,0,1,0,6.06,medium
msrpc,0,1,2,7.83,high
rpcbind,0,1,2,7.57,high
http,0,1,0,5.17,medium
redis,0,1,10,9.33,high
smtp,1,1,0,3.57,low
sip,0,0,0,5.69,medium
netbios-ssn,0,1,20,8.99,high
https-alt,1,1,5,4.47,medium
imap,0,1,1,5.21,medium
https,1,1,0,3.96,low
sip,0,1,0,5.15,medium
ssh,1,1,8,3.42,low
ssh,1,1,4,4.82,medium
https,1,1,0,3.07,low
http-alt,0,1,0,5.31,medium
rpcbind,0,1,0,7.23,high
microsoft-ds,0,1,0,9.28,high
http,0,1,21,7.03,high
tftp,0,0,0,8.05,high
nfs,0,0,0,7.88,high
tftp,0,1,3,7.16,high
domain,0,1,0,5.63,medium
vnc,0,0,0,8.96,high
http-alt,0,1,1,5.34,medium
ssh,1,1,0,4.19,medium
https,1,1,12,4.08,medium
ms-sql-s,0,1,6,6.98,medium
domain,0,0,0,5.69,medium
http,0,1,0,6.18,medium
smtp,0,0,0,5.6,medium
sip,0,1,2,4.68,medium
mongodb,0,1,0,8.22,high
other,0,1,0,4.52,medium
microsoft-ds,0,1,9,9.98,high
